hour,baseload,ev,fridge,hair_dryer,pc,pv,resistive,synchronous,washing_machine
0.0,1,0,0,0,0,0,0,0,0
0.008333333333333333,1,0,0,0,0,0,0,0,0
0.016666666666666666,1,0,0,0,0,0,0,0,0
0.025,1,0,0,0,0,0,0,0,0
0.03333333333333333,1,0,0,0,0,0,0,0,0
0.041666666666666664,1,0,0,0,0,0,0,0,0
0.05,1,0,0,0,0,0,0,0,0
0.058333333333333334,1,0,0,0,0,0,0,0,0
0.06666666666666667,1,0,0,0,0,0,0,0,0
0.075,1,0,0,0,0,0,0,0,0
0.08333333333333333,1,0,0,0,0,0,0,0,0
0.09166666666666666,1,0,0,0,0,0,0,0,0
0.1,1,0,0,0,0,0,0,0,0
0.10833333333333334,1,0,0,0,0,0,0,0,0
0.11666666666666667,1,0,0,0,0,0,0,0,0
0.125,1,0,0,0,0,0,0,0,0
0.13333333333333333,1,0,0,0,0,0,0,0,0
0.14166666666666666,1,0,0,0,0,0,0,0,0
0.15,1,0,0,0,0,0,0,0,0
0.15833333333333333,1,0,0,0,0,0,0,0,0
0.16666666666666666,1,0,0,0,0,0,0,0,0
0.175,1,0,0,0,0,0,0,0,0
0.18333333333333332,1,0,0,0,0,0,0,0,0
0.19166666666666668,1,0,0,0,0,0,0,0,0
0.2,1,0,0,0,0,0,0,0,0
0.20833333333333334,1,0,0,0,0,0,0,0,0
0.21666666666666667,1,0,0,0,0,0,0,0,0
0.225,1,0,0,0,0,0,0,0,0
0.23333333333333334,1,0,0,0,0,0,0,0,0
0.24166666666666667,1,0,0,0,0,0,0,0,0
0.25,1,0,0,0,0,0,0,0,0
0.25833333333333336,1,0,0,0,0,0,0,0,0
0.26666666666666666,1,0,0,0,0,0,0,0,0
0.275,1,0,0,0,0,0,0,0,0
0.2833333333333333,1,0,0,0,0,0,0,0,0
0.2916666666666667,1,0,0,0,0,0,0,0,0
0.3,1,0,0,0,0,0,0,0,0
0.30833333333333335,1,0,0,0,0,0,0,0,0
0.31666666666666665,1,0,0,0,0,0,0,0,0
0.325,1,0,0,0,0,0,0,0,0
0.3333333333333333,1,0,0,0,0,0,0,0,0
0.3416666666666667,1,0,0,0,0,0,0,0,0
0.35,1,0,0,0,0,0,0,0,0
0.35833333333333334,1,0,0,0,0,0,0,0,0
0.36666666666666664,1,0,0,0,0,0,0,0,0
0.375,1,0,0,0,0,0,0,0,0
0.38333333333333336,1,0,0,0,0,0,0,0,0
0.39166666666666666,1,0,0,0,0,0,0,0,0
0.4,1,0,0,0,0,0,0,0,0
0.4083333333333333,1,0,0,0,0,0,0,0,0
0.4166666666666667,1,0,0,0,0,0,0,0,0
0.425,1,0,0,0,0,0,0,0,0
0.43333333333333335,1,0,0,0,0,0,0,0,0
0.44166666666666665,1,0,0,0,0,0,0,0,0
0.45,1,0,0,0,0,0,0,0,0
0.4583333333333333,1,0,0,0,0,0,0,0,0
0.4666666666666667,1,0,0,0,0,0,0,0,0
0.475,1,0,0,0,0,0,0,0,0
0.48333333333333334,1,0,0,0,0,0,0,0,0
0.49166666666666664,1,0,0,0,0,0,0,0,0
0.5,1,0,1,0,0,0,0,0,0
0.5083333333333333,1,0,1,0,0,0,0,0,0
0.5166666666666667,1,0,1,0,0,0,0,0,0
0.525,1,0,1,0,0,0,0,0,0
0.5333333333333333,1,0,1,0,0,0,0,0,0
0.5416666666666666,1,0,1,0,0,0,0,0,0
0.55,1,0,1,0,0,0,0,0,0
0.5583333333333333,1,0,1,0,0,0,0,0,0
0.5666666666666667,1,0,1,0,0,0,0,0,0
0.575,1,0,1,0,0,0,0,0,0
0.5833333333333334,1,0,1,0,0,0,0,0,0
0.5916666666666667,1,0,1,0,0,0,0,0,0
0.6,1,0,1,0,0,0,0,0,0
0.6083333333333333,1,0,1,0,0,0,0,0,0
0.6166666666666667,1,0,1,0,0,0,0,0,0
0.625,1,0,1,0,0,0,0,0,0
0.6333333333333333,1,0,1,0,0,0,0,0,0
0.6416666666666667,1,0,1,0,0,0,0,0,0
0.65,1,0,1,0,0,0,0,0,0
0.6583333333333333,1,0,1,0,0,0,0,0,0
0.6666666666666666,1,0,0,0,0,0,0,0,0
0.675,1,0,0,0,0,0,0,0,0
0.6833333333333333,1,0,0,0,0,0,0,0,0
0.6916666666666667,1,0,0,0,0,0,0,0,0
0.7,1,0,0,0,0,0,0,0,0
0.7083333333333334,1,0,0,0,0,0,0,0,0
0.7166666666666667,1,0,0,0,0,0,0,0,0
0.725,1,0,0,0,0,0,0,0,0
0.7333333333333333,1,0,0,0,0,0,0,0,0
0.7416666666666667,1,0,0,0,0,0,0,0,0
0.75,1,0,0,0,0,0,0,0,0
0.7583333333333333,1,0,0,0,0,0,0,0,0
0.7666666666666667,1,0,0,0,0,0,0,0,0
0.775,1,0,0,0,0,0,0,0,0
0.7833333333333333,1,0,0,0,0,0,0,0,0
0.7916666666666666,1,0,0,0,0,0,0,0,0
0.8,1,0,0,0,0,0,0,0,0
0.8083333333333333,1,0,0,0,0,0,0,0,0
0.8166666666666667,1,0,0,0,0,0,0,0,0
0.825,1,0,0,0,0,0,0,0,0
0.8333333333333334,1,0,0,0,0,0,0,0,0
0.8416666666666667,1,0,0,0,0,0,0,0,0
0.85,1,0,0,0,0,0,0,0,0
0.8583333333333333,1,0,0,0,0,0,0,0,0
0.8666666666666667,1,0,0,0,0,0,0,0,0
0.875,1,0,0,0,0,0,0,0,0
0.8833333333333333,1,0,0,0,0,0,0,0,0
0.8916666666666667,1,0,0,0,0,0,0,0,0
0.9,1,0,0,0,0,0,0,0,0
0.9083333333333333,1,0,0,0,0,0,0,0,0
0.9166666666666666,1,0,0,0,0,0,0,0,0
0.925,1,0,0,0,0,0,0,0,0
0.9333333333333333,1,0,0,0,0,0,0,0,0
0.9416666666666667,1,0,0,0,0,0,0,0,0
0.95,1,0,0,0,0,0,0,0,0
0.9583333333333334,1,0,0,0,0,0,0,0,0
0.9666666666666667,1,0,0,0,0,0,0,0,0
0.975,1,0,0,0,0,0,0,0,0
0.9833333333333333,1,0,0,0,0,0,0,0,0
0.9916666666666667,1,0,0,0,0,0,0,0,0
1.0,1,0,0,0,0,0,0,0,0
1.0083333333333333,1,0,0,0,0,0,0,0,0
1.0166666666666666,1,0,0,0,0,0,0,0,0
1.025,1,0,0,0,0,0,0,0,0
1.0333333333333334,1,0,0,0,0,0,0,0,0
1.0416666666666667,1,0,0,0,0,0,0,0,0
1.05,1,0,0,0,0,0,0,0,0
1.0583333333333333,1,0,0,0,0,0,0,0,0
1.0666666666666667,1,0,0,0,0,0,0,0,0
1.075,1,0,0,0,0,0,0,0,0
1.0833333333333333,1,0,0,0,0,0,0,0,0
1.0916666666666666,1,0,0,0,0,0,0,0,0
1.1,1,0,0,0,0,0,0,0,0
1.1083333333333334,1,0,0,0,0,0,0,0,0
1.1166666666666667,1,0,0,0,0,0,0,0,0
1.125,1,0,1,0,0,0,0,0,0
1.1333333333333333,1,0,1,0,0,0,0,0,0
1.1416666666666666,1,0,1,0,0,0,0,0,0
1.15,1,0,1,0,0,0,0,0,0
1.1583333333333334,1,0,1,0,0,0,0,0,0
1.1666666666666667,1,0,1,0,0,0,0,0,0
1.175,1,0,1,0,0,0,0,0,0
1.1833333333333333,1,0,1,0,0,0,0,0,0
1.1916666666666667,1,0,1,0,0,0,0,0,0
1.2,1,0,1,0,0,0,0,0,0
1.2083333333333333,1,0,1,0,0,0,0,0,0
1.2166666666666666,1,0,1,0,0,0,0,0,0
1.225,1,0,1,0,0,0,0,0,0
1.2333333333333334,1,0,1,0,0,0,0,0,0
1.2416666666666667,1,0,1,0,0,0,0,0,0
1.25,1,0,1,0,0,0,0,0,0
1.2583333333333333,1,0,1,0,0,0,0,0,0
1.2666666666666666,1,0,1,0,0,0,0,0,0
1.275,1,0,1,0,0,0,0,0,0
1.2833333333333334,1,0,1,0,0,0,0,0,0
1.2916666666666667,1,0,1,0,0,0,0,0,0
1.3,1,0,0,0,0,0,0,0,0
1.3083333333333333,1,0,0,0,0,0,0,0,0
1.3166666666666667,1,0,0,0,0,0,0,0,0
1.325,1,0,0,0,0,0,0,0,0
1.3333333333333333,1,0,0,0,0,0,0,0,0
1.3416666666666666,1,0,0,0,0,0,0,0,0
1.35,1,0,0,0,0,0,0,0,0
1.3583333333333334,1,0,0,0,0,0,0,0,0
1.3666666666666667,1,0,0,0,0,0,0,0,0
1.375,1,0,0,0,0,0,0,0,0
1.3833333333333333,1,0,0,0,0,0,0,0,0
1.3916666666666666,1,0,0,0,0,0,0,0,0
1.4,1,0,0,0,0,0,0,0,0
1.4083333333333334,1,0,0,0,0,0,0,0,0
1.4166666666666667,1,0,0,0,0,0,0,0,0
1.425,1,0,0,0,0,0,0,0,0
1.4333333333333333,1,0,0,0,0,0,0,0,0
1.4416666666666667,1,0,0,0,0,0,0,0,0
1.45,1,0,0,0,0,0,0,0,0
1.4583333333333333,1,0,0,0,0,0,0,0,0
1.4666666666666666,1,0,0,0,0,0,0,0,0
1.475,1,0,0,0,0,0,0,0,0
1.4833333333333334,1,0,0,0,0,0,0,0,0
1.4916666666666667,1,0,0,0,0,0,0,0,0
1.5,1,0,0,0,0,0,0,0,0
1.5083333333333333,1,0,0,0,0,0,0,0,0
1.5166666666666666,1,0,0,0,0,0,0,0,0
1.525,1,0,0,0,0,0,0,0,0
1.5333333333333334,1,0,0,0,0,0,0,0,0
1.5416666666666667,1,0,0,0,0,0,0,0,0
1.55,1,0,0,0,0,0,0,0,0
1.5583333333333333,1,0,0,0,0,0,0,0,0
1.5666666666666667,1,0,0,0,0,0,0,0,0
1.575,1,0,0,0,0,0,0,0,0
1.5833333333333333,1,0,0,0,0,0,0,0,0
1.5916666666666666,1,0,0,0,0,0,0,0,0
1.6,1,0,0,0,0,0,0,0,0
1.6083333333333334,1,0,0,0,0,0,0,0,0
1.6166666666666667,1,0,0,0,0,0,0,0,0
1.625,1,0,0,0,0,0,0,0,0
1.6333333333333333,1,0,0,0,0,0,0,0,0
1.6416666666666666,1,0,0,0,0,0,0,0,0
1.65,1,0,0,0,0,0,0,0,0
1.6583333333333334,1,0,0,0,0,0,0,0,0
1.6666666666666667,1,0,0,0,0,0,0,0,0
1.675,1,0,0,0,0,0,0,0,0
1.6833333333333333,1,0,0,0,0,0,0,0,0
1.6916666666666667,1,0,0,0,0,0,0,0,0
1.7,1,0,0,0,0,0,0,0,0
1.7083333333333333,1,0,0,0,0,0,0,0,0
1.7166666666666666,1,0,0,0,0,0,0,0,0
1.725,1,0,0,0,0,0,0,0,0
1.7333333333333334,1,0,0,0,0,0,0,0,0
1.7416666666666667,1,0,0,0,0,0,0,0,0
1.75,1,0,0,0,0,0,0,0,0
1.7583333333333333,1,0,1,0,0,0,0,0,0
1.7666666666666666,1,0,1,0,0,0,0,0,0
1.775,1,0,1,0,0,0,0,0,0
1.7833333333333334,1,0,1,0,0,0,0,0,0
1.7916666666666667,1,0,1,0,0,0,0,0,0
1.8,1,0,1,0,0,0,0,0,0
1.8083333333333333,1,0,1,0,0,0,0,0,0
1.8166666666666667,1,0,1,0,0,0,0,0,0
1.825,1,0,1,0,0,0,0,0,0
1.8333333333333333,1,0,1,0,0,0,0,0,0
1.8416666666666666,1,0,1,0,0,0,0,0,0
1.85,1,0,1,0,0,0,0,0,0
1.8583333333333334,1,0,1,0,0,0,0,0,0
1.8666666666666667,1,0,1,0,0,0,0,0,0
1.875,1,0,1,0,0,0,0,0,0
1.8833333333333333,1,0,1,0,0,0,0,0,0
1.8916666666666666,1,0,1,0,0,0,0,0,0
1.9,1,0,1,0,0,0,0,0,0
1.9083333333333334,1,0,0,0,0,0,0,0,0
1.9166666666666667,1,0,0,0,0,0,0,0,0
1.925,1,0,0,0,0,0,0,0,0
1.9333333333333333,1,0,0,0,0,0,0,0,0
1.9416666666666667,1,0,0,0,0,0,0,0,0
1.95,1,0,0,0,0,0,0,0,0
1.9583333333333333,1,0,0,0,0,0,0,0,0
1.9666666666666666,1,0,0,0,0,0,0,0,0
1.975,1,0,0,0,0,0,0,0,0
1.9833333333333334,1,0,0,0,0,0,0,0,0
1.9916666666666667,1,0,0,0,0,0,0,0,0
2.0,1,0,0,0,0,0,0,0,0
2.0083333333333333,1,0,0,0,0,0,0,0,0
2.0166666666666666,1,0,0,0,0,0,0,0,0
2.025,1,0,0,0,0,0,0,0,0
2.033333333333333,1,0,0,0,0,0,0,0,0
2.0416666666666665,1,0,0,0,0,0,0,0,0
2.05,1,0,0,0,0,0,0,0,0
2.058333333333333,1,0,0,0,0,0,0,0,0
2.066666666666667,1,0,0,0,0,0,0,0,0
2.075,1,0,0,0,0,0,0,0,0
2.0833333333333335,1,0,0,0,0,0,0,0,0
2.091666666666667,1,0,0,0,0,0,0,0,0
2.1,1,0,0,0,0,0,0,0,0
2.1083333333333334,1,0,0,0,0,0,0,0,0
2.1166666666666667,1,0,0,0,0,0,0,0,0
2.125,1,0,0,0,0,0,0,0,0
2.1333333333333333,1,0,0,0,0,0,0,0,0
2.1416666666666666,1,0,0,0,0,0,0,0,0
2.15,1,0,0,0,0,0,0,0,0
2.158333333333333,1,0,0,0,0,0,0,0,0
2.1666666666666665,1,0,0,0,0,0,0,0,0
2.175,1,0,0,0,0,0,0,0,0
2.183333333333333,1,0,0,0,0,0,0,0,0
2.191666666666667,1,0,0,0,0,0,0,0,0
2.2,1,0,0,0,0,0,0,0,0
2.2083333333333335,1,0,0,0,0,0,0,0,0
2.216666666666667,1,0,0,0,0,0,0,0,0
2.225,1,0,0,0,0,0,0,0,0
2.2333333333333334,1,0,0,0,0,0,0,0,0
2.2416666666666667,1,0,0,0,0,0,0,0,0
2.25,1,0,0,0,0,0,0,0,0
2.2583333333333333,1,0,0,0,0,0,0,0,0
2.2666666666666666,1,0,0,0,0,0,0,0,0
2.275,1,0,0,0,0,0,0,0,0
2.283333333333333,1,0,0,0,0,0,0,0,0
2.2916666666666665,1,0,0,0,0,0,0,0,0
2.3,1,0,0,0,0,0,0,0,0
2.308333333333333,1,0,0,0,0,0,0,0,0
2.316666666666667,1,0,0,0,0,0,0,0,0
2.325,1,0,0,0,0,0,0,0,0
2.3333333333333335,1,0,0,0,0,0,0,0,0
2.341666666666667,1,0,0,0,0,0,0,0,0
2.35,1,0,0,0,0,0,0,0,0
2.3583333333333334,1,0,0,0,0,0,0,0,0
2.3666666666666667,1,0,0,0,0,0,0,0,0
2.375,1,0,0,0,0,0,0,0,0
2.3833333333333333,1,0,0,0,0,0,0,0,0
2.3916666666666666,1,0,0,0,0,0,0,0,0
2.4,1,0,0,0,0,0,0,0,0
2.408333333333333,1,0,0,0,0,0,0,0,0
2.4166666666666665,1,0,0,0,0,0,0,0,0
2.425,1,0,0,0,0,0,0,0,0
2.433333333333333,1,0,0,0,0,0,0,0,0
2.441666666666667,1,0,0,0,0,0,0,0,0
2.45,1,0,0,0,0,0,0,0,0
2.4583333333333335,1,0,0,0,0,0,0,0,0
2.466666666666667,1,0,0,0,0,0,0,0,0
2.475,1,0,0,0,0,0,0,0,0
2.4833333333333334,1,0,0,0,0,0,0,0,0
2.4916666666666667,1,0,0,0,0,0,0,0,0
2.5,1,0,1,0,0,0,0,0,0
2.5083333333333333,1,0,1,0,0,0,0,0,0
2.5166666666666666,1,0,1,0,0,0,0,0,0
2.525,1,0,1,0,0,0,0,0,0
2.533333333333333,1,0,1,0,0,0,0,0,0
2.5416666666666665,1,0,1,0,0,0,0,0,0
2.55,1,0,1,0,0,0,0,0,0
2.558333333333333,1,0,1,0,0,0,0,0,0
2.566666666666667,1,0,1,0,0,0,0,0,0
2.575,1,0,1,0,0,0,0,0,0
2.5833333333333335,1,0,1,0,0,0,0,0,0
2.591666666666667,1,0,1,0,0,0,0,0,0
2.6,1,0,1,0,0,0,0,0,0
2.6083333333333334,1,0,1,0,0,0,0,0,0
2.6166666666666667,1,0,1,0,0,0,0,0,0
2.625,1,0,1,0,0,0,0,0,0
2.6333333333333333,1,0,1,0,0,0,0,0,0
2.6416666666666666,1,0,1,0,0,0,0,0,0
2.65,1,0,0,0,0,0,0,0,0
2.658333333333333,1,0,0,0,0,0,0,0,0
2.6666666666666665,1,0,0,0,0,0,0,0,0
2.675,1,0,0,0,0,0,0,0,0
2.683333333333333,1,0,0,0,0,0,0,0,0
2.691666666666667,1,0,0,0,0,0,0,0,0
2.7,1,0,0,0,0,0,0,0,0
2.7083333333333335,1,0,0,0,0,0,0,0,0
2.716666666666667,1,0,0,0,0,0,0,0,0
2.725,1,0,0,0,0,0,0,0,0
2.7333333333333334,1,0,0,0,0,0,0,0,0
2.7416666666666667,1,0,0,0,0,0,0,0,0
2.75,1,0,0,0,0,0,0,0,0
2.7583333333333333,1,0,0,0,0,0,0,0,0
2.7666666666666666,1,0,0,0,0,0,0,0,0
2.775,1,0,0,0,0,0,0,0,0
2.783333333333333,1,0,0,0,0,0,0,0,0
2.7916666666666665,1,0,0,0,0,0,0,0,0
2.8,1,0,0,0,0,0,0,0,0
2.808333333333333,1,0,0,0,0,0,0,0,0
2.816666666666667,1,0,0,0,0,0,0,0,0
2.825,1,0,0,0,0,0,0,0,0
2.8333333333333335,1,0,0,0,0,0,0,0,0
2.841666666666667,1,0,0,0,0,0,0,0,0
2.85,1,0,0,0,0,0,0,0,0
2.8583333333333334,1,0,0,0,0,0,0,0,0
2.8666666666666667,1,0,0,0,0,0,0,0,0
2.875,1,0,0,0,0,0,0,0,0
2.8833333333333333,1,0,0,0,0,0,0,0,0
2.8916666666666666,1,0,0,0,0,0,0,0,0
2.9,1,0,0,0,0,0,0,0,0
2.908333333333333,1,0,0,0,0,0,0,0,0
2.9166666666666665,1,0,0,0,0,0,0,0,0
2.925,1,0,0,0,0,0,0,0,0
2.933333333333333,1,0,0,0,0,0,0,0,0
2.941666666666667,1,0,0,0,0,0,0,0,0
2.95,1,0,0,0,0,0,0,0,0
2.9583333333333335,1,0,0,0,0,0,0,0,0
2.966666666666667,1,0,0,0,0,0,0,0,0
2.975,1,0,0,0,0,0,0,0,0
2.9833333333333334,1,0,0,0,0,0,0,0,0
2.9916666666666667,1,0,0,0,0,0,0,0,0
3.0,1,0,0,0,0,0,0,0,0
3.0083333333333333,1,0,0,0,0,0,0,0,0
3.0166666666666666,1,0,0,0,0,0,0,0,0
3.025,1,0,0,0,0,0,0,0,0
3.033333333333333,1,0,0,0,0,0,0,0,0
3.0416666666666665,1,0,0,0,0,0,0,0,0
3.05,1,0,0,0,0,0,0,0,0
3.058333333333333,1,0,0,0,0,0,0,0,0
3.066666666666667,1,0,0,0,0,0,0,0,0
3.075,1,0,0,0,0,0,0,0,0
3.0833333333333335,1,0,0,0,0,0,0,0,0
3.091666666666667,1,0,0,0,0,0,0,0,0
3.1,1,0,0,0,0,0,0,0,0
3.1083333333333334,1,0,0,0,0,0,0,0,0
3.1166666666666667,1,0,0,0,0,0,0,0,0
3.125,1,0,0,0,0,0,0,0,0
3.1333333333333333,1,0,0,0,0,0,0,0,0
3.1416666666666666,1,0,0,0,0,0,0,0,0
3.15,1,0,0,0,0,0,0,0,0
3.158333333333333,1,0,0,0,0,0,0,0,0
3.1666666666666665,1,0,0,0,0,0,0,0,0
3.175,1,0,0,0,0,0,0,0,0
3.183333333333333,1,0,0,0,0,0,0,0,0
3.191666666666667,1,0,0,0,0,0,0,0,0
3.2,1,0,0,0,0,0,0,0,0
3.2083333333333335,1,0,0,0,0,0,0,0,0
3.216666666666667,1,0,0,0,0,0,0,0,0
3.225,1,0,0,0,0,0,0,0,0
3.2333333333333334,1,0,0,0,0,0,0,0,0
3.2416666666666667,1,0,0,0,0,0,0,0,0
3.25,1,0,0,0,0,0,0,0,0
3.2583333333333333,1,0,0,0,0,0,0,0,0
3.2666666666666666,1,0,0,0,0,0,0,0,0
3.275,1,0,0,0,0,0,0,0,0
3.283333333333333,1,0,0,0,0,0,0,0,0
3.2916666666666665,1,0,0,0,0,0,0,0,0
3.3,1,0,0,0,0,0,0,0,0
3.308333333333333,1,0,0,0,0,0,0,0,0
3.316666666666667,1,0,0,0,0,0,0,0,0
3.325,1,0,0,0,0,0,0,0,0
3.3333333333333335,1,0,0,0,0,0,0,0,0
3.341666666666667,1,0,0,0,0,0,0,0,0
3.35,1,0,0,0,0,0,0,0,0
3.3583333333333334,1,0,0,0,0,0,0,0,0
3.3666666666666667,1,0,0,0,0,0,0,0,0
3.375,1,0,0,0,0,0,0,0,0
3.3833333333333333,1,0,1,0,0,0,0,0,0
3.3916666666666666,1,0,1,0,0,0,0,0,0
3.4,1,0,1,0,0,0,0,0,0
3.408333333333333,1,0,1,0,0,0,0,0,0
3.4166666666666665,1,0,1,0,0,0,0,0,0
3.425,1,0,1,0,0,0,0,0,0
3.433333333333333,1,0,1,0,0,0,0,0,0
3.441666666666667,1,0,1,0,0,0,0,0,0
3.45,1,0,1,0,0,0,0,0,0
3.4583333333333335,1,0,1,0,0,0,0,0,0
3.466666666666667,1,0,1,0,0,0,0,0,0
3.475,1,0,1,0,0,0,0,0,0
3.4833333333333334,1,0,1,0,0,0,0,0,0
3.4916666666666667,1,0,1,0,0,0,0,0,0
3.5,1,0,1,0,0,0,0,0,0
3.5083333333333333,1,0,1,0,0,0,0,0,0
3.5166666666666666,1,0,1,0,0,0,0,0,0
3.525,1,0,1,0,0,0,0,0,0
3.533333333333333,1,0,1,0,0,0,0,0,0
3.5416666666666665,1,0,1,0,0,0,0,0,0
3.55,1,0,0,0,0,0,0,0,0
3.558333333333333,1,0,0,0,0,0,0,0,0
3.566666666666667,1,0,0,0,0,0,0,0,0
3.575,1,0,0,0,0,0,0,0,0
3.5833333333333335,1,0,0,0,0,0,0,0,0
3.591666666666667,1,0,0,0,0,0,0,0,0
3.6,1,0,0,0,0,0,0,0,0
3.6083333333333334,1,0,0,0,0,0,0,0,0
3.6166666666666667,1,0,0,0,0,0,0,0,0
3.625,1,0,0,0,0,0,0,0,0
3.6333333333333333,1,0,0,0,0,0,0,0,0
3.6416666666666666,1,0,0,0,0,0,0,0,0
3.65,1,0,0,0,0,0,0,0,0
3.658333333333333,1,0,0,0,0,0,0,0,0
3.6666666666666665,1,0,0,0,0,0,0,0,0
3.675,1,0,0,0,0,0,0,0,0
3.683333333333333,1,0,0,0,0,0,0,0,0
3.691666666666667,1,0,0,0,0,0,0,0,0
3.7,1,0,0,0,0,0,0,0,0
3.7083333333333335,1,0,0,0,0,0,0,0,0
3.716666666666667,1,0,0,0,0,0,0,0,0
3.725,1,0,0,0,0,0,0,0,0
3.7333333333333334,1,0,0,0,0,0,0,0,0
3.7416666666666667,1,0,0,0,0,0,0,0,0
3.75,1,0,0,0,0,0,0,0,0
3.7583333333333333,1,0,0,0,0,0,0,0,0
3.7666666666666666,1,0,0,0,0,0,0,0,0
3.775,1,0,0,0,0,0,0,0,0
3.783333333333333,1,0,0,0,0,0,0,0,0
3.7916666666666665,1,0,0,0,0,0,0,0,0
3.8,1,0,0,0,0,0,0,0,0
3.808333333333333,1,0,0,0,0,0,0,0,0
3.816666666666667,1,0,0,0,0,0,0,0,0
3.825,1,0,0,0,0,0,0,0,0
3.8333333333333335,1,0,0,0,0,0,0,0,0
3.841666666666667,1,0,0,0,0,0,0,0,0
3.85,1,0,0,0,0,0,0,0,0
3.8583333333333334,1,0,0,0,0,0,0,0,0
3.8666666666666667,1,0,0,0,0,0,0,0,0
3.875,1,0,0,0,0,0,0,0,0
3.8833333333333333,1,0,0,0,0,0,0,0,0
3.8916666666666666,1,0,0,0,0,0,0,0,0
3.9,1,0,0,0,0,0,0,0,0
3.908333333333333,1,0,0,0,0,0,0,0,0
3.9166666666666665,1,0,0,0,0,0,0,0,0
3.925,1,0,0,0,0,0,0,0,0
3.933333333333333,1,0,0,0,0,0,0,0,0
3.941666666666667,1,0,0,0,0,0,0,0,0
3.95,1,0,0,0,0,0,0,0,0
3.9583333333333335,1,0,0,0,0,0,0,0,0
3.966666666666667,1,0,0,0,0,0,0,0,0
3.975,1,0,0,0,0,0,0,0,0
3.9833333333333334,1,0,0,0,0,0,0,0,0
3.9916666666666667,1,0,0,0,0,0,0,0,0
4.0,1,0,1,0,0,0,0,0,0
4.008333333333334,1,0,1,0,0,0,0,0,0
4.016666666666667,1,0,1,0,0,0,0,0,0
4.025,1,0,1,0,0,0,0,0,0
4.033333333333333,1,0,1,0,0,0,0,0,0
4.041666666666667,1,0,1,0,0,0,0,0,0
4.05,1,0,1,0,0,0,0,0,0
4.058333333333334,1,0,1,0,0,0,0,0,0
4.066666666666666,1,0,1,0,0,0,0,0,0
4.075,1,0,1,0,0,0,0,0,0
4.083333333333333,1,0,1,0,0,0,0,0,0
4.091666666666667,1,0,1,0,0,0,0,0,0
4.1,1,0,1,0,0,0,0,0,0
4.108333333333333,1,0,1,0,0,0,0,0,0
4.116666666666666,1,0,1,0,0,0,0,0,0
4.125,1,0,1,0,0,0,0,0,0
4.133333333333334,1,0,1,0,0,0,0,0,0
4.141666666666667,1,0,1,0,0,0,0,0,0
4.15,1,0,0,0,0,0,0,0,0
4.158333333333333,1,0,0,0,0,0,0,0,0
4.166666666666667,1,0,0,0,0,0,0,0,0
4.175,1,0,0,0,0,0,0,0,0
4.183333333333334,1,0,0,0,0,0,0,0,0
4.191666666666666,1,0,0,0,0,0,0,0,0
4.2,1,0,0,0,0,0,0,0,0
4.208333333333333,1,0,0,0,0,0,0,0,0
4.216666666666667,1,0,0,0,0,0,0,0,0
4.225,1,0,0,0,0,0,0,0,0
4.233333333333333,1,0,0,0,0,0,0,0,0
4.241666666666666,1,0,0,0,0,0,0,0,0
4.25,1,0,0,0,0,0,0,0,0
4.258333333333334,1,0,0,0,0,0,0,0,0
4.266666666666667,1,0,0,0,0,0,0,0,0
4.275,1,0,0,0,0,0,0,0,0
4.283333333333333,1,0,0,0,0,0,0,0,0
4.291666666666667,1,0,0,0,0,0,0,0,0
4.3,1,0,0,0,0,0,0,0,0
4.308333333333334,1,0,0,0,0,0,0,0,0
4.316666666666666,1,0,0,0,0,0,0,0,0
4.325,1,0,0,0,0,0,0,0,0
4.333333333333333,1,0,0,0,0,0,0,0,0
4.341666666666667,1,0,0,0,0,0,0,0,0
4.35,1,0,0,0,0,0,0,0,0
4.358333333333333,1,0,0,0,0,0,0,0,0
4.366666666666666,1,0,0,0,0,0,0,0,0
4.375,1,0,0,0,0,0,0,0,0
4.383333333333334,1,0,0,0,0,0,0,0,0
4.391666666666667,1,0,0,0,0,0,0,0,0
4.4,1,0,0,0,0,0,0,0,0
4.408333333333333,1,0,0,0,0,0,0,0,0
4.416666666666667,1,0,0,0,0,0,0,0,0
4.425,1,0,0,0,0,0,0,0,0
4.433333333333334,1,0,0,0,0,0,0,0,0
4.441666666666666,1,0,0,0,0,0,0,0,0
4.45,1,0,0,0,0,0,0,0,0
4.458333333333333,1,0,0,0,0,0,0,0,0
4.466666666666667,1,0,0,0,0,0,0,0,0
4.475,1,0,0,0,0,0,0,0,0
4.483333333333333,1,0,0,0,0,0,0,0,0
4.491666666666666,1,0,0,0,0,0,0,0,0
4.5,1,0,0,0,0,0,0,0,0
4.508333333333334,1,0,0,0,0,0,0,0,0
4.516666666666667,1,0,0,0,0,0,0,0,0
4.525,1,0,0,0,0,0,0,0,0
4.533333333333333,1,0,0,0,0,0,0,0,0
4.541666666666667,1,0,0,0,0,0,0,0,0
4.55,1,0,0,0,0,0,0,0,0
4.558333333333334,1,0,0,0,0,0,0,0,0
4.566666666666666,1,0,0,0,0,0,0,0,0
4.575,1,0,0,0,0,0,0,0,0
4.583333333333333,1,0,0,0,0,0,0,0,0
4.591666666666667,1,0,0,0,0,0,0,0,0
4.6,1,0,0,0,0,0,0,0,0
4.608333333333333,1,0,0,0,0,0,0,0,0
4.616666666666666,1,0,0,0,0,0,0,0,0
4.625,1,0,0,0,0,0,0,0,0
4.633333333333334,1,0,0,0,0,0,0,0,0
4.641666666666667,1,0,0,0,0,0,0,0,0
4.65,1,0,0,0,0,0,0,0,0
4.658333333333333,1,0,0,0,0,0,0,0,0
4.666666666666667,1,0,0,0,0,0,0,0,0
4.675,1,0,0,0,0,0,0,0,0
4.683333333333334,1,0,0,0,0,0,0,0,0
4.691666666666666,1,0,0,0,0,0,0,0,0
4.7,1,0,0,0,0,0,0,0,0
4.708333333333333,1,0,0,0,0,0,0,0,0
4.716666666666667,1,0,0,0,0,0,0,0,0
4.725,1,0,0,0,0,0,0,0,0
4.733333333333333,1,0,0,0,0,0,0,0,0
4.741666666666666,1,0,0,0,0,0,0,0,0
4.75,1,0,0,0,0,0,0,0,0
4.758333333333334,1,0,0,0,0,0,0,0,0
4.766666666666667,1,0,1,0,0,0,0,0,0
4.775,1,0,1,0,0,0,0,0,0
4.783333333333333,1,0,1,0,0,0,0,0,0
4.791666666666667,1,0,1,0,0,0,0,0,0
4.8,1,0,1,0,0,0,0,0,0
4.808333333333334,1,0,1,0,0,0,0,0,0
4.816666666666666,1,0,1,0,0,0,0,0,0
4.825,1,0,1,0,0,0,0,0,0
4.833333333333333,1,0,1,0,0,0,0,0,0
4.841666666666667,1,0,1,0,0,0,0,0,0
4.85,1,0,1,0,0,0,0,0,0
4.858333333333333,1,0,1,0,0,0,0,0,0
4.866666666666666,1,0,1,0,0,0,0,0,0
4.875,1,0,1,0,0,0,0,0,0
4.883333333333334,1,0,1,0,0,0,0,0,0
4.891666666666667,1,0,1,0,0,0,0,0,0
4.9,1,0,1,0,0,0,0,0,0
4.908333333333333,1,0,1,0,0,0,0,0,0
4.916666666666667,1,0,1,0,0,0,0,0,0
4.925,1,0,1,0,0,0,0,0,0
4.933333333333334,1,0,1,0,0,0,0,0,0
4.941666666666666,1,0,1,0,0,0,0,0,0
4.95,1,0,1,0,0,1,0,0,0
4.958333333333333,1,0,1,0,0,1,0,0,0
4.966666666666667,1,0,1,0,0,1,0,0,0
4.975,1,0,0,0,0,1,0,0,0
4.983333333333333,1,0,0,0,0,1,0,0,0
4.991666666666666,1,0,0,0,0,1,0,0,0
5.0,1,0,0,0,0,1,0,0,0
5.008333333333334,1,0,0,0,0,1,0,0,0
5.016666666666667,1,0,0,0,0,1,0,0,0
5.025,1,0,0,0,0,1,0,0,0
5.033333333333333,1,0,0,0,0,1,0,0,0
5.041666666666667,1,0,0,0,0,1,0,0,0
5.05,1,0,0,0,0,1,0,0,0
5.058333333333334,1,0,0,0,0,1,0,0,0
5.066666666666666,1,0,0,0,0,1,0,0,0
5.075,1,0,0,0,0,1,0,0,0
5.083333333333333,1,0,0,0,0,1,0,0,0
5.091666666666667,1,0,0,0,0,1,0,0,0
5.1,1,0,0,0,0,1,0,0,0
5.108333333333333,1,0,0,0,0,1,0,0,0
5.116666666666666,1,0,0,0,0,1,0,0,0
5.125,1,0,0,0,0,1,0,0,0
5.133333333333334,1,0,0,0,0,1,0,0,0
5.141666666666667,1,0,0,0,0,1,0,0,0
5.15,1,0,0,0,0,1,0,0,0
5.158333333333333,1,0,0,0,0,1,0,0,0
5.166666666666667,1,0,0,0,0,1,0,0,0
5.175,1,0,0,0,0,1,0,0,0
5.183333333333334,1,0,0,0,0,1,0,0,0
5.191666666666666,1,0,0,0,0,1,0,0,0
5.2,1,0,0,0,0,1,0,0,0
5.208333333333333,1,0,0,0,0,1,0,0,0
5.216666666666667,1,0,0,0,0,1,0,0,0
5.225,1,0,0,0,0,1,0,0,0
5.233333333333333,1,0,0,0,0,1,0,0,0
5.241666666666666,1,0,0,0,0,1,0,0,0
5.25,1,0,0,0,0,1,0,0,0
5.258333333333334,1,0,0,0,0,1,0,0,0
5.266666666666667,1,0,0,0,0,1,0,0,0
5.275,1,0,0,0,0,1,0,0,0
5.283333333333333,1,0,0,0,0,1,0,0,0
5.291666666666667,1,0,0,0,0,1,0,0,0
5.3,1,0,0,0,0,1,0,0,0
5.308333333333334,1,0,0,0,0,1,0,0,0
5.316666666666666,1,0,0,0,0,1,0,0,0
5.325,1,0,0,0,1,1,0,0,0
5.333333333333333,1,0,0,0,0,1,0,0,0
5.341666666666667,1,0,0,0,0,1,0,0,0
5.35,1,0,0,0,0,1,0,0,0
5.358333333333333,1,0,0,0,0,1,0,0,0
5.366666666666666,1,0,0,0,0,1,0,0,0
5.375,1,0,0,0,0,1,0,0,0
5.383333333333334,1,0,0,0,0,1,0,0,0
5.391666666666667,1,0,0,0,0,1,0,0,0
5.4,1,0,0,0,0,1,0,0,0
5.408333333333333,1,0,0,0,0,1,0,0,0
5.416666666666667,1,0,0,0,0,1,0,0,0
5.425,1,0,0,0,0,1,0,0,0
5.433333333333334,1,0,0,0,0,1,0,0,0
5.441666666666666,1,0,0,0,0,1,0,0,0
5.45,1,0,0,0,0,1,0,0,0
5.458333333333333,1,0,0,0,0,1,0,0,0
5.466666666666667,1,0,0,0,0,1,0,0,0
5.475,1,0,0,0,0,1,0,0,0
5.483333333333333,1,0,0,0,0,1,0,0,0
5.491666666666666,1,0,0,0,0,1,0,0,0
5.5,1,0,0,0,0,1,0,0,0
5.508333333333334,1,0,0,0,0,1,0,0,0
5.516666666666667,1,0,1,0,1,1,0,0,0
5.525,1,0,1,0,0,1,0,0,0
5.533333333333333,1,0,1,0,0,1,0,0,0
5.541666666666667,1,0,1,0,0,1,0,0,0
5.55,1,0,1,0,0,1,0,0,0
5.558333333333334,1,0,1,0,0,1,0,0,0
5.566666666666666,1,0,1,0,0,1,0,0,0
5.575,1,0,1,0,0,1,0,0,0
5.583333333333333,1,0,1,0,0,1,0,0,0
5.591666666666667,1,0,1,0,1,1,0,0,0
5.6,1,0,1,0,1,1,0,0,0
5.608333333333333,1,0,1,0,0,1,0,0,0
5.616666666666666,1,0,1,0,0,1,0,0,0
5.625,1,0,1,0,0,1,0,0,0
5.633333333333334,1,0,1,0,1,1,0,0,0
5.641666666666667,1,0,1,0,0,1,0,0,0
5.65,1,0,1,0,0,1,0,0,0
5.658333333333333,1,0,1,0,0,1,0,0,0
5.666666666666667,1,0,1,0,1,1,0,0,0
5.675,1,0,1,0,0,1,0,0,0
5.683333333333334,1,0,1,0,0,1,0,0,0
5.691666666666666,1,0,1,0,0,1,0,0,0
5.7,1,0,1,0,0,1,0,0,0
5.708333333333333,1,0,1,0,0,1,0,0,0
5.716666666666667,1,0,1,0,0,1,0,0,0
5.725,1,0,1,0,0,1,0,0,0
5.733333333333333,1,0,1,0,0,1,0,0,0
5.741666666666666,1,0,1,0,1,1,0,0,0
5.75,1,0,1,0,0,1,0,0,0
5.758333333333334,1,0,1,0,0,1,0,0,0
5.766666666666667,1,0,1,0,0,1,0,0,0
5.775,1,0,0,0,0,1,0,0,0
5.783333333333333,1,0,0,0,0,1,0,0,0
5.791666666666667,1,0,0,0,0,1,0,0,0
5.8,1,0,0,0,0,1,0,0,0
5.808333333333334,1,0,0,0,0,1,0,0,0
5.816666666666666,1,0,0,0,1,1,0,0,0
5.825,1,0,0,0,0,1,0,0,0
5.833333333333333,1,0,0,0,0,1,0,0,0
5.841666666666667,1,0,0,0,0,1,0,0,0
5.85,1,0,0,0,0,1,0,0,0
5.858333333333333,1,0,0,0,0,1,0,0,0
5.866666666666666,1,0,0,0,0,1,0,0,0
5.875,1,0,0,0,0,1,0,0,0
5.883333333333334,1,0,0,0,0,1,0,0,0
5.891666666666667,1,0,0,0,0,1,0,0,0
5.9,1,0,0,0,0,1,0,0,0
5.908333333333333,1,0,0,0,0,1,0,0,0
5.916666666666667,1,0,0,0,0,1,0,0,0
5.925,1,0,0,0,0,1,0,0,0
5.933333333333334,1,0,0,0,0,1,0,0,0
5.941666666666666,1,0,0,0,0,1,0,0,0
5.95,1,0,0,0,0,1,0,0,0
5.958333333333333,1,0,0,0,1,1,0,0,0
5.966666666666667,1,0,0,0,0,1,0,0,0
5.975,1,0,0,0,0,1,0,0,0
5.983333333333333,1,0,0,0,0,1,0,0,0
5.991666666666666,1,0,0,0,0,1,0,0,0
6.0,1,0,0,0,0,1,0,0,0
6.008333333333334,1,0,0,0,0,1,0,0,0
6.016666666666667,1,0,0,0,0,1,0,0,0
6.025,1,0,0,0,0,1,0,0,0
6.033333333333333,1,0,0,0,0,1,0,0,0
6.041666666666667,1,0,0,0,0,1,0,0,0
6.05,1,0,0,0,0,1,0,0,0
6.058333333333334,1,0,0,0,1,1,0,0,0
6.066666666666666,1,0,0,0,0,1,0,0,0
6.075,1,0,0,0,0,1,0,0,0
6.083333333333333,1,0,0,0,1,1,0,0,0
6.091666666666667,1,0,0,0,0,1,0,0,0
6.1,1,0,0,0,1,1,0,0,0
6.108333333333333,1,0,0,0,0,1,0,0,0
6.116666666666666,1,0,1,0,0,1,0,0,0
6.125,1,0,1,0,0,1,0,0,0
6.133333333333334,1,0,1,0,1,1,0,0,0
6.141666666666667,1,0,1,0,0,1,0,0,0
6.15,1,0,1,0,1,1,0,0,0
6.158333333333333,1,0,1,0,1,1,0,0,0
6.166666666666667,1,0,1,0,1,1,0,0,0
6.175,1,0,1,0,0,1,0,0,0
6.183333333333334,1,0,1,0,0,1,0,0,0
6.191666666666666,1,0,1,0,0,1,0,0,0
6.2,1,0,1,0,1,1,0,0,0
6.208333333333333,1,0,1,1,1,1,0,0,0
6.216666666666667,1,0,1,1,1,1,0,0,0
6.225,1,0,1,1,1,1,0,0,0
6.233333333333333,1,0,1,1,0,1,0,0,0
6.241666666666666,1,0,1,1,1,1,0,0,0
6.25,1,0,1,1,1,1,0,0,0
6.258333333333334,1,0,1,1,0,1,0,0,0
6.266666666666667,1,0,1,1,0,1,0,0,0
6.275,1,0,1,1,1,1,0,0,0
6.283333333333333,1,0,1,0,0,1,0,0,0
6.291666666666667,1,0,1,0,1,1,0,0,0
6.3,1,0,0,0,1,1,0,0,0
6.308333333333334,1,0,0,0,0,1,0,0,0
6.316666666666666,1,0,0,0,1,1,0,0,0
6.325,1,0,0,0,0,1,0,0,0
6.333333333333333,1,0,0,0,0,1,0,0,0
6.341666666666667,1,0,0,0,0,1,0,0,0
6.35,1,0,0,0,0,1,0,0,0
6.358333333333333,1,0,0,0,1,1,0,0,0
6.366666666666666,1,0,0,0,0,1,0,0,0
6.375,1,0,0,0,0,1,0,0,0
6.383333333333334,1,0,0,0,1,1,0,0,0
6.391666666666667,1,0,0,0,0,1,0,0,0
6.4,1,0,0,0,0,1,0,0,0
6.408333333333333,1,0,0,0,1,1,0,0,0
6.416666666666667,1,0,0,0,1,1,0,0,0
6.425,1,0,0,0,1,1,0,0,0
6.433333333333334,1,0,0,0,1,1,0,0,0
6.441666666666666,1,0,0,0,0,1,0,0,0
6.45,1,0,0,0,1,1,0,0,0
6.458333333333333,1,0,0,0,0,1,0,0,0
6.466666666666667,1,0,0,0,1,1,0,0,0
6.475,1,0,0,0,0,1,0,0,0
6.483333333333333,1,0,0,0,1,1,0,0,0
6.491666666666666,1,0,0,0,0,1,0,0,0
6.5,1,0,0,0,0,1,0,0,0
6.508333333333334,1,0,0,0,1,1,0,0,0
6.516666666666667,1,0,0,0,1,1,0,0,0
6.525,1,0,0,0,0,1,0,0,0
6.533333333333333,1,0,0,0,0,1,0,0,0
6.541666666666667,1,0,0,0,0,1,0,0,0
6.55,1,0,0,0,1,1,0,0,0
6.558333333333334,1,0,0,0,1,1,0,0,0
6.566666666666666,1,0,0,0,0,1,0,0,0
6.575,1,0,0,0,0,1,0,0,0
6.583333333333333,1,0,0,0,0,1,0,0,0
6.591666666666667,1,0,0,0,0,1,0,0,0
6.6,1,0,0,0,1,1,0,0,0
6.608333333333333,1,0,0,0,0,1,0,0,0
6.616666666666666,1,0,0,0,1,1,0,0,0
6.625,1,0,0,0,1,1,0,0,0
6.633333333333334,1,0,0,0,1,1,0,0,0
6.641666666666667,1,0,0,0,1,1,0,0,0
6.65,1,0,0,0,1,1,0,0,0
6.658333333333333,1,0,0,0,1,1,0,0,0
6.666666666666667,1,0,0,0,0,1,0,0,0
6.675,1,0,0,0,1,1,0,0,0
6.683333333333334,1,0,0,0,1,1,0,0,0
6.691666666666666,1,0,0,0,1,1,0,0,0
6.7,1,0,0,0,1,1,0,0,0
6.708333333333333,1,0,0,0,1,1,0,0,0
6.716666666666667,1,0,0,0,1,1,0,0,0
6.725,1,0,0,0,1,1,0,0,0
6.733333333333333,1,0,0,0,0,1,0,0,0
6.741666666666666,1,0,0,0,1,1,0,0,0
6.75,1,0,0,0,0,1,0,0,0
6.758333333333334,1,0,0,0,1,1,0,0,0
6.766666666666667,1,0,0,0,1,1,0,0,0
6.775,1,0,0,0,0,1,0,0,0
6.783333333333333,1,0,0,0,1,1,0,0,0
6.791666666666667,1,0,0,0,0,1,0,0,0
6.8,1,0,1,0,1,1,0,0,0
6.808333333333334,1,0,1,0,1,1,0,0,0
6.816666666666666,1,0,1,0,1,1,0,0,0
6.825,1,0,1,0,1,1,0,0,0
6.833333333333333,1,0,1,0,1,1,0,0,0
6.841666666666667,1,0,1,0,1,1,0,0,0
6.85,1,0,1,0,0,1,0,0,0
6.858333333333333,1,0,1,0,1,1,0,0,0
6.866666666666666,1,0,1,0,1,1,0,0,0
6.875,1,0,1,0,1,1,0,0,0
6.883333333333334,1,0,1,0,1,1,0,0,0
6.891666666666667,1,0,1,0,1,1,0,0,0
6.9,1,0,1,0,0,1,0,0,0
6.908333333333333,1,0,1,0,1,1,0,0,0
6.916666666666667,1,0,1,0,1,1,0,0,0
6.925,1,0,1,0,1,1,0,0,0
6.933333333333334,1,0,1,0,1,1,0,0,0
6.941666666666666,1,0,1,0,1,1,0,0,0
6.95,1,0,1,0,1,1,0,0,0
6.958333333333333,1,0,0,0,1,1,0,0,0
6.966666666666667,1,0,0,0,1,1,0,0,0
6.975,1,0,0,0,1,1,0,0,0
6.983333333333333,1,0,0,0,1,1,0,0,0
6.991666666666666,1,0,0,0,1,1,0,0,0
7.0,1,0,0,0,1,1,0,0,0
7.008333333333334,1,0,0,0,1,1,0,0,0
7.016666666666667,1,0,0,0,1,1,0,0,0
7.025,1,0,0,0,0,1,0,0,0
7.033333333333333,1,0,0,0,1,1,0,0,0
7.041666666666667,1,0,0,0,1,1,0,0,0
7.05,1,0,0,0,1,1,0,0,0
7.058333333333334,1,0,0,0,1,1,0,0,0
7.066666666666666,1,0,0,0,1,1,0,0,0
7.075,1,0,0,0,1,1,0,0,0
7.083333333333333,1,0,0,0,1,1,0,0,0
7.091666666666667,1,0,0,0,1,1,0,0,0
7.1,1,0,0,0,1,1,0,0,0
7.108333333333333,1,0,0,0,1,1,0,0,0
7.116666666666666,1,0,0,0,1,1,0,0,0
7.125,1,0,0,0,1,1,0,0,0
7.133333333333334,1,0,0,0,1,1,0,0,0
7.141666666666667,1,0,0,0,1,1,0,0,0
7.15,1,0,0,0,1,1,0,0,0
7.158333333333333,1,0,0,0,1,1,0,0,0
7.166666666666667,1,0,0,0,1,1,0,0,0
7.175,1,0,0,0,0,1,0,0,0
7.183333333333334,1,0,0,0,1,1,0,0,0
7.191666666666666,1,0,0,0,1,1,0,0,0
7.2,1,0,0,0,1,1,0,0,0
7.208333333333333,1,0,0,0,1,1,0,0,0
7.216666666666667,1,0,0,0,1,1,0,0,0
7.225,1,0,0,0,1,1,0,0,0
7.233333333333333,1,0,0,0,1,1,0,0,0
7.241666666666666,1,0,0,0,1,1,0,0,0
7.25,1,0,0,0,1,1,0,0,0
7.258333333333334,1,0,0,0,1,1,0,0,0
7.266666666666667,1,0,0,0,1,1,0,0,0
7.275,1,0,0,0,1,1,0,0,0
7.283333333333333,1,0,0,0,1,1,0,0,0
7.291666666666667,1,0,0,0,1,1,0,0,0
7.3,1,0,0,0,1,1,0,0,0
7.308333333333334,1,0,0,0,0,1,0,0,0
7.316666666666666,1,0,1,0,1,1,0,0,0
7.325,1,0,1,0,1,1,0,0,0
7.333333333333333,1,0,1,0,1,1,0,0,0
7.341666666666667,1,0,1,0,1,1,0,0,0
7.35,1,0,1,0,1,1,0,0,0
7.358333333333333,1,0,1,0,1,1,0,0,0
7.366666666666666,1,0,1,0,1,1,0,0,0
7.375,1,0,1,0,1,1,0,0,0
7.383333333333334,1,0,1,0,1,1,0,0,0
7.391666666666667,1,0,1,0,1,1,0,0,0
7.4,1,0,1,0,1,1,0,0,0
7.408333333333333,1,0,1,0,1,1,0,0,0
7.416666666666667,1,0,1,0,1,1,0,0,0
7.425,1,0,1,0,1,1,0,0,0
7.433333333333334,1,0,1,0,1,1,0,0,0
7.441666666666666,1,0,1,0,1,1,0,0,0
7.45,1,0,1,0,1,1,0,0,0
7.458333333333333,1,0,0,0,1,1,0,0,0
7.466666666666667,1,0,0,0,1,1,0,0,0
7.475,1,0,0,0,1,1,0,0,0
7.483333333333333,1,0,0,0,1,1,0,0,0
7.491666666666666,1,0,0,0,1,1,0,0,0
7.5,1,0,0,0,1,1,0,0,0
7.508333333333334,1,0,0,0,1,1,0,0,0
7.516666666666667,1,0,0,0,1,1,0,0,0
7.525,1,0,0,0,1,1,0,0,0
7.533333333333333,1,0,0,0,1,1,0,0,0
7.541666666666667,1,0,0,0,1,1,0,0,0
7.55,1,0,0,0,1,1,0,0,0
7.558333333333334,1,0,0,0,1,1,0,0,0
7.566666666666666,1,0,0,0,1,1,0,0,0
7.575,1,0,0,0,1,1,0,0,0
7.583333333333333,1,0,0,0,1,1,0,0,0
7.591666666666667,1,0,0,0,1,1,0,0,0
7.6,1,0,0,0,1,1,0,0,0
7.608333333333333,1,0,0,0,1,1,0,0,0
7.616666666666666,1,0,0,0,1,1,0,0,0
7.625,1,0,0,0,1,1,0,0,0
7.633333333333334,1,0,0,0,1,1,0,0,0
7.641666666666667,1,0,0,0,1,1,0,0,0
7.65,1,0,0,0,1,1,0,0,0
7.658333333333333,1,0,0,0,1,1,0,0,0
7.666666666666667,1,0,0,0,1,1,0,0,0
7.675,1,0,0,0,1,1,0,0,0
7.683333333333334,1,0,0,0,1,1,0,0,0
7.691666666666666,1,0,0,0,1,1,0,0,0
7.7,1,0,0,0,1,1,0,0,0
7.708333333333333,1,0,0,0,1,1,0,0,0
7.716666666666667,1,0,0,0,1,1,0,0,0
7.725,1,0,0,0,1,1,0,0,0
7.733333333333333,1,0,0,0,1,1,0,0,0
7.741666666666666,1,0,0,0,1,1,0,0,0
7.75,1,0,0,0,1,1,0,0,0
7.758333333333334,1,0,0,0,1,1,0,0,0
7.766666666666667,1,0,0,0,1,1,0,0,0
7.775,1,0,0,0,1,1,0,0,0
7.783333333333333,1,0,0,0,1,1,0,0,0
7.791666666666667,1,0,0,0,1,1,0,0,0
7.8,1,0,0,0,1,1,0,0,0
7.808333333333334,1,0,0,0,1,1,0,0,0
7.816666666666666,1,0,0,0,1,1,0,0,0
7.825,1,0,0,0,1,1,0,0,0
7.833333333333333,1,0,0,0,1,1,0,0,0
7.841666666666667,1,0,0,0,1,1,0,0,0
7.85,1,0,0,0,1,1,0,0,0
7.858333333333333,1,0,0,0,1,1,0,0,0
7.866666666666666,1,0,0,0,1,1,0,0,0
7.875,1,0,0,0,1,1,0,0,0
7.883333333333334,1,0,0,0,1,1,0,0,0
7.891666666666667,1,0,0,0,1,1,0,0,0
7.9,1,0,0,0,1,1,0,0,0
7.908333333333333,1,0,0,0,1,1,0,0,0
7.916666666666667,1,0,0,0,1,1,0,0,0
7.925,1,0,0,0,1,1,0,0,0
7.933333333333334,1,0,0,0,1,1,0,0,0
7.941666666666666,1,0,0,0,1,1,0,0,0
7.95,1,0,0,0,1,1,0,0,0
7.958333333333333,1,0,0,0,1,1,0,0,0
7.966666666666667,1,0,0,0,1,1,0,0,0
7.975,1,0,0,0,1,1,0,0,0
7.983333333333333,1,0,0,0,1,1,0,0,0
7.991666666666666,1,0,0,0,1,1,0,0,0
8.0,1,0,0,0,1,1,0,0,0
8.008333333333333,1,0,0,0,1,1,0,0,0
8.016666666666667,1,0,0,0,1,1,0,0,0
8.025,1,0,0,0,1,1,0,0,0
8.033333333333333,1,0,0,0,1,1,0,0,0
8.041666666666666,1,0,0,0,1,1,0,0,0
8.05,1,0,0,0,1,1,0,0,0
8.058333333333334,1,0,0,0,1,1,0,0,0
8.066666666666666,1,0,0,0,1,1,0,0,0
8.075,1,0,1,0,1,1,0,0,0
8.083333333333334,1,0,1,0,1,1,0,0,0
8.091666666666667,1,0,1,0,1,1,0,0,0
8.1,1,0,1,0,1,1,0,0,0
8.108333333333333,1,0,1,0,1,1,0,0,0
8.116666666666667,1,0,1,0,1,1,0,0,0
8.125,1,0,1,0,1,1,0,0,0
8.133333333333333,1,0,1,0,1,1,0,0,0
8.141666666666667,1,0,1,0,1,1,0,0,0
8.15,1,0,1,0,1,1,0,0,0
8.158333333333333,1,0,1,0,1,1,0,0,0
8.166666666666666,1,0,1,0,1,1,0,0,0
8.175,1,0,1,0,1,1,0,0,0
8.183333333333334,1,0,1,0,1,1,0,0,0
8.191666666666666,1,0,1,0,1,1,0,0,0
8.2,1,0,1,0,1,1,0,0,0
8.208333333333334,1,0,1,0,1,1,0,0,0
8.216666666666667,1,0,1,0,1,1,0,0,0
8.225,1,0,1,0,1,1,0,0,0
8.233333333333333,1,0,1,0,1,1,0,0,0
8.241666666666667,1,0,1,0,1,1,0,0,0
8.25,1,0,1,0,1,1,0,0,0
8.258333333333333,1,0,1,0,1,1,0,0,0
8.266666666666667,1,0,1,0,1,1,0,0,0
8.275,1,0,1,0,1,1,0,0,0
8.283333333333333,1,0,1,0,1,1,0,0,0
8.291666666666666,1,0,0,0,1,1,0,0,0
8.3,1,0,0,0,1,1,0,0,0
8.308333333333334,1,0,0,0,1,1,0,0,0
8.316666666666666,1,0,0,0,1,1,0,0,0
8.325,1,0,0,0,1,1,0,0,0
8.333333333333334,1,0,0,0,1,1,0,0,0
8.341666666666667,1,0,0,0,1,1,0,0,0
8.35,1,0,0,0,1,1,0,0,0
8.358333333333333,1,0,0,0,1,1,0,0,0
8.366666666666667,1,0,0,0,1,1,0,0,0
8.375,1,0,0,0,1,1,0,0,0
8.383333333333333,1,0,0,0,1,1,0,0,0
8.391666666666667,1,0,0,0,1,1,0,0,0
8.4,1,0,0,0,1,1,0,0,0
8.408333333333333,1,0,0,0,1,1,0,0,0
8.416666666666666,1,0,0,0,1,1,0,0,0
8.425,1,0,0,0,1,1,0,0,0
8.433333333333334,1,0,0,0,1,1,0,0,0
8.441666666666666,1,0,0,0,1,1,0,0,0
8.45,1,0,0,0,1,1,0,0,0
8.458333333333334,1,0,0,0,1,1,0,0,0
8.466666666666667,1,0,0,0,1,1,0,0,0
8.475,1,0,0,0,1,1,0,0,0
8.483333333333333,1,0,0,0,1,1,0,0,0
8.491666666666667,1,0,0,0,1,1,0,0,0
8.5,1,0,0,0,1,1,0,0,0
8.508333333333333,1,0,0,0,1,1,0,0,0
8.516666666666667,1,0,0,0,1,1,0,0,0
8.525,1,0,0,0,1,1,0,0,0
8.533333333333333,1,0,0,0,1,1,0,0,0
8.541666666666666,1,0,0,0,1,1,0,0,0
8.55,1,0,0,0,1,1,0,0,0
8.558333333333334,1,0,0,0,1,1,0,0,0
8.566666666666666,1,0,0,0,1,1,0,0,0
8.575,1,0,0,0,1,1,0,0,0
8.583333333333334,1,0,0,0,1,1,0,0,0
8.591666666666667,1,0,0,0,1,1,0,0,0
8.6,1,0,0,0,1,1,0,0,0
8.608333333333333,1,0,0,0,1,1,0,0,0
8.616666666666667,1,0,0,0,1,1,0,0,0
8.625,1,0,0,0,1,1,0,0,0
8.633333333333333,1,0,0,0,1,1,0,0,0
8.641666666666667,1,0,0,0,1,1,0,0,0
8.65,1,0,0,0,1,1,0,0,0
8.658333333333333,1,0,0,0,1,1,0,0,0
8.666666666666666,1,0,0,0,1,1,0,0,0
8.675,1,0,0,0,1,1,0,0,0
8.683333333333334,1,0,0,0,1,1,0,0,0
8.691666666666666,1,0,0,0,1,1,0,0,0
8.7,1,0,0,0,1,1,0,0,0
8.708333333333334,1,0,0,0,1,1,0,0,0
8.716666666666667,1,0,0,0,1,1,0,0,0
8.725,1,0,0,0,1,1,0,0,0
8.733333333333333,1,0,0,0,1,1,0,0,0
8.741666666666667,1,0,0,0,1,1,0,0,0
8.75,1,0,0,0,1,1,0,0,0
8.758333333333333,1,0,0,0,1,1,0,0,0
8.766666666666667,1,0,0,0,1,1,0,0,0
8.775,1,0,0,0,1,1,0,0,0
8.783333333333333,1,0,0,0,1,1,0,0,0
8.791666666666666,1,0,0,0,1,1,0,0,0
8.8,1,0,0,0,1,1,0,0,0
8.808333333333334,1,0,0,0,1,1,0,0,0
8.816666666666666,1,0,0,0,1,1,0,0,0
8.825,1,0,0,0,1,1,0,0,0
8.833333333333334,1,0,0,0,1,1,0,0,0
8.841666666666667,1,0,0,0,1,1,0,0,0
8.85,1,0,0,0,1,1,0,0,0
8.858333333333333,1,0,0,0,1,1,0,0,0
8.866666666666667,1,0,0,0,1,1,0,0,0
8.875,1,0,0,0,1,1,0,0,0
8.883333333333333,1,0,0,0,1,1,0,0,0
8.891666666666667,1,0,0,0,1,1,0,0,0
8.9,1,0,0,0,1,1,0,0,0
8.908333333333333,1,0,0,0,1,1,0,0,0
8.916666666666666,1,0,0,0,1,1,0,0,0
8.925,1,0,0,0,1,1,0,0,0
8.933333333333334,1,0,0,0,1,1,0,0,0
8.941666666666666,1,0,0,0,1,1,0,0,0
8.95,1,0,0,0,1,1,0,0,0
8.958333333333334,1,0,0,0,1,1,0,0,0
8.966666666666667,1,0,0,0,1,1,0,0,0
8.975,1,0,0,0,1,1,0,0,0
8.983333333333333,1,0,1,0,1,1,0,0,0
8.991666666666667,1,0,1,0,1,1,0,0,0
9.0,1,0,1,0,1,1,0,1,0
9.008333333333333,1,0,1,0,1,1,0,1,0
9.016666666666667,1,0,1,0,1,1,0,1,0
9.025,1,0,1,0,1,1,0,1,0
9.033333333333333,1,0,1,0,1,1,0,1,0
9.041666666666666,1,0,1,0,1,1,0,1,0
9.05,1,0,1,0,1,1,0,1,0
9.058333333333334,1,0,1,0,1,1,0,1,0
9.066666666666666,1,0,1,0,1,1,0,1,0
9.075,1,0,1,0,1,1,0,1,0
9.083333333333334,1,0,1,0,1,1,0,1,0
9.091666666666667,1,0,1,0,1,1,0,1,0
9.1,1,0,1,0,1,1,0,1,0
9.108333333333333,1,0,1,0,1,1,0,1,0
9.116666666666667,1,0,1,0,1,1,0,1,0
9.125,1,0,1,0,1,1,0,1,0
9.133333333333333,1,0,1,0,1,1,0,1,0
9.141666666666667,1,0,1,0,1,1,0,1,0
9.15,1,0,0,0,1,1,0,1,0
9.158333333333333,1,0,0,0,1,1,0,1,0
9.166666666666666,1,0,0,0,1,1,0,1,0
9.175,1,0,0,0,1,1,0,1,0
9.183333333333334,1,0,0,0,1,1,0,1,0
9.191666666666666,1,0,0,0,1,1,0,1,0
9.2,1,0,0,0,1,1,0,1,0
9.208333333333334,1,0,0,0,1,1,0,1,0
9.216666666666667,1,0,0,0,1,1,0,1,0
9.225,1,0,0,0,1,1,0,1,0
9.233333333333333,1,0,0,0,1,1,0,1,0
9.241666666666667,1,0,0,0,1,1,0,1,0
9.25,1,0,0,0,1,1,0,1,0
9.258333333333333,1,0,0,0,1,1,0,1,0
9.266666666666667,1,0,0,0,1,1,0,1,0
9.275,1,0,0,0,1,1,0,1,0
9.283333333333333,1,0,0,0,1,1,0,1,0
9.291666666666666,1,0,0,0,1,1,0,1,0
9.3,1,0,0,0,1,1,0,1,0
9.308333333333334,1,0,0,0,1,1,0,1,0
9.316666666666666,1,0,0,0,1,1,0,1,0
9.325,1,0,0,0,1,1,0,1,0
9.333333333333334,1,0,0,0,1,1,0,1,0
9.341666666666667,1,0,0,0,1,1,0,1,0
9.35,1,0,0,0,1,1,0,1,0
9.358333333333333,1,0,0,0,1,1,0,1,0
9.366666666666667,1,0,0,0,1,1,0,1,0
9.375,1,0,0,0,1,1,0,1,0
9.383333333333333,1,0,0,0,1,1,0,1,0
9.391666666666667,1,0,0,0,1,1,0,1,0
9.4,1,0,0,0,1,1,0,1,0
9.408333333333333,1,0,0,0,1,1,0,1,0
9.416666666666666,1,0,0,0,1,1,0,1,0
9.425,1,0,0,0,1,1,0,1,0
9.433333333333334,1,0,0,0,1,1,0,1,0
9.441666666666666,1,0,0,0,1,1,0,1,0
9.45,1,0,0,0,1,1,0,1,0
9.458333333333334,1,0,0,0,1,1,0,1,0
9.466666666666667,1,0,0,0,1,1,0,1,0
9.475,1,0,0,0,1,1,0,1,0
9.483333333333333,1,0,0,0,1,1,0,1,0
9.491666666666667,1,0,0,0,1,1,0,1,0
9.5,1,0,0,0,1,1,0,1,0
9.508333333333333,1,0,0,0,1,1,0,1,0
9.516666666666667,1,0,0,0,1,1,0,1,0
9.525,1,0,0,0,1,1,0,1,0
9.533333333333333,1,0,0,0,1,1,0,1,0
9.541666666666666,1,0,0,0,1,1,0,1,0
9.55,1,0,0,0,1,1,0,1,0
9.558333333333334,1,0,0,0,1,1,0,1,0
9.566666666666666,1,0,0,0,1,1,0,1,0
9.575,1,0,0,0,1,1,0,1,0
9.583333333333334,1,0,0,0,1,1,0,1,0
9.591666666666667,1,0,0,0,1,1,0,1,0
9.6,1,0,0,0,1,1,0,1,0
9.608333333333333,1,0,0,0,1,1,0,1,0
9.616666666666667,1,0,0,0,1,1,0,1,0
9.625,1,0,0,0,1,1,0,1,0
9.633333333333333,1,0,0,0,1,1,0,1,0
9.641666666666667,1,0,1,0,1,1,0,1,0
9.65,1,0,1,0,1,1,0,1,0
9.658333333333333,1,0,1,0,1,1,0,1,0
9.666666666666666,1,0,1,0,1,1,0,1,0
9.675,1,0,1,0,1,1,0,1,0
9.683333333333334,1,0,1,0,1,1,0,1,0
9.691666666666666,1,0,1,0,1,1,0,1,0
9.7,1,0,1,0,1,1,0,1,0
9.708333333333334,1,0,1,0,1,1,0,1,0
9.716666666666667,1,0,1,0,1,1,0,1,0
9.725,1,0,1,0,1,1,0,1,0
9.733333333333333,1,0,1,0,1,1,0,1,0
9.741666666666667,1,0,1,0,1,1,0,1,0
9.75,1,0,1,0,1,1,0,1,0
9.758333333333333,1,0,1,0,1,1,0,1,0
9.766666666666667,1,0,1,0,1,1,0,1,0
9.775,1,0,1,0,1,1,0,1,0
9.783333333333333,1,0,1,0,1,1,0,1,0
9.791666666666666,1,0,1,0,1,1,0,1,0
9.8,1,0,1,0,1,1,0,1,0
9.808333333333334,1,0,1,0,1,1,0,1,0
9.816666666666666,1,0,1,0,1,1,0,1,0
9.825,1,0,1,0,1,1,0,1,0
9.833333333333334,1,0,1,0,1,1,0,1,0
9.841666666666667,1,0,1,0,1,1,0,1,0
9.85,1,0,1,0,1,1,0,1,0
9.858333333333333,1,0,1,0,1,1,0,1,0
9.866666666666667,1,0,1,0,1,1,0,1,0
9.875,1,0,1,0,1,1,0,1,0
9.883333333333333,1,0,1,0,1,1,0,1,0
9.891666666666667,1,0,1,0,1,1,0,1,0
9.9,1,0,1,0,1,1,0,1,0
9.908333333333333,1,0,1,0,1,1,0,1,0
9.916666666666666,1,0,1,0,1,1,0,1,0
9.925,1,0,1,0,1,1,0,1,0
9.933333333333334,1,0,1,0,1,1,0,1,0
9.941666666666666,1,0,0,0,1,1,0,1,0
9.95,1,0,0,0,1,1,0,1,0
9.958333333333334,1,0,0,0,1,1,0,1,0
9.966666666666667,1,0,0,0,1,1,0,1,0
9.975,1,0,0,0,1,1,0,1,0
9.983333333333333,1,0,0,0,1,1,0,1,0
9.991666666666667,1,0,0,0,1,1,0,1,0
10.0,1,0,0,0,1,1,0,1,0
10.008333333333333,1,0,0,0,1,1,0,1,0
10.016666666666667,1,0,0,0,1,1,0,1,0
10.025,1,0,0,0,1,1,0,1,0
10.033333333333333,1,0,0,0,1,1,0,1,0
10.041666666666666,1,0,0,0,1,1,0,1,0
10.05,1,0,0,0,1,1,0,1,0
10.058333333333334,1,0,0,0,1,1,0,1,0
10.066666666666666,1,0,0,0,1,1,0,1,0
10.075,1,0,0,0,1,1,0,1,0
10.083333333333334,1,0,0,0,1,1,0,1,0
10.091666666666667,1,0,0,0,1,1,0,1,0
10.1,1,0,0,0,1,1,0,1,0
10.108333333333333,1,0,0,0,1,1,0,1,0
10.116666666666667,1,0,0,0,1,1,0,1,0
10.125,1,0,0,0,1,1,0,1,0
10.133333333333333,1,0,0,0,1,1,0,1,0
10.141666666666667,1,0,0,0,1,1,0,1,0
10.15,1,0,0,0,1,1,0,1,0
10.158333333333333,1,0,0,0,1,1,0,1,0
10.166666666666666,1,0,0,0,1,1,0,1,0
10.175,1,0,0,0,1,1,0,1,0
10.183333333333334,1,0,0,0,1,1,0,1,0
10.191666666666666,1,0,0,0,1,1,0,1,0
10.2,1,0,0,0,1,1,0,1,0
10.208333333333334,1,0,0,0,1,1,0,1,0
10.216666666666667,1,0,0,0,1,1,0,1,0
10.225,1,0,0,0,1,1,0,1,0
10.233333333333333,1,0,0,0,1,1,0,1,0
10.241666666666667,1,0,0,0,1,1,0,1,0
10.25,1,0,0,0,1,1,0,1,0
10.258333333333333,1,0,0,0,1,1,0,1,0
10.266666666666667,1,0,0,0,1,1,0,1,0
10.275,1,0,0,0,1,1,0,1,0
10.283333333333333,1,0,0,0,1,1,0,1,0
10.291666666666666,1,0,0,0,1,1,0,1,0
10.3,1,0,0,0,1,1,0,1,0
10.308333333333334,1,0,0,0,1,1,0,1,0
10.316666666666666,1,0,0,0,1,1,0,1,0
10.325,1,0,0,0,1,1,0,1,0
10.333333333333334,1,0,0,0,1,1,0,1,0
10.341666666666667,1,0,0,0,1,1,0,1,0
10.35,1,0,1,0,1,1,0,1,0
10.358333333333333,1,0,1,0,1,1,0,1,0
10.366666666666667,1,0,1,0,1,1,0,1,0
10.375,1,0,1,0,1,1,0,1,0
10.383333333333333,1,0,1,0,1,1,0,1,0
10.391666666666667,1,0,1,0,1,1,0,1,0
10.4,1,0,1,0,1,1,0,1,0
10.408333333333333,1,0,1,0,1,1,0,1,0
10.416666666666666,1,0,1,0,1,1,0,1,0
10.425,1,0,1,0,1,1,0,1,0
10.433333333333334,1,0,1,0,1,1,0,1,0
10.441666666666666,1,0,1,0,1,1,0,1,0
10.45,1,0,1,0,1,1,0,1,0
10.458333333333334,1,0,1,0,1,1,0,1,0
10.466666666666667,1,0,1,0,1,1,0,1,0
10.475,1,0,1,0,1,1,0,1,0
10.483333333333333,1,0,1,0,1,1,0,1,0
10.491666666666667,1,0,1,0,1,1,0,1,0
10.5,1,0,1,0,1,1,0,1,0
10.508333333333333,1,0,1,0,1,1,0,1,0
10.516666666666667,1,0,1,0,1,1,0,1,0
10.525,1,0,1,0,1,1,0,1,0
10.533333333333333,1,0,1,0,1,1,0,1,0
10.541666666666666,1,0,0,0,1,1,0,1,0
10.55,1,0,0,0,1,1,0,1,0
10.558333333333334,1,0,0,0,1,1,0,1,0
10.566666666666666,1,0,0,0,1,1,0,1,0
10.575,1,0,0,0,1,1,0,1,0
10.583333333333334,1,0,0,0,1,1,0,1,0
10.591666666666667,1,0,0,0,1,1,0,1,0
10.6,1,0,0,0,1,1,0,1,0
10.608333333333333,1,0,0,0,1,1,0,1,0
10.616666666666667,1,0,0,0,1,1,0,1,0
10.625,1,0,0,0,1,1,0,1,0
10.633333333333333,1,0,0,0,1,1,0,1,0
10.641666666666667,1,0,0,0,1,1,0,1,0
10.65,1,0,0,0,1,1,0,1,0
10.658333333333333,1,0,0,0,1,1,0,1,0
10.666666666666666,1,0,0,0,1,1,0,1,0
10.675,1,0,0,0,1,1,0,1,0
10.683333333333334,1,0,0,0,1,1,0,1,0
10.691666666666666,1,0,0,0,1,1,0,1,0
10.7,1,0,0,0,1,1,0,1,0
10.708333333333334,1,0,0,0,1,1,0,1,0
10.716666666666667,1,0,0,0,1,1,0,1,0
10.725,1,0,0,0,1,1,0,1,0
10.733333333333333,1,0,0,0,1,1,0,1,0
10.741666666666667,1,0,0,0,1,1,0,1,0
10.75,1,0,0,0,1,1,0,1,0
10.758333333333333,1,0,0,0,1,1,0,1,0
10.766666666666667,1,0,0,0,1,1,0,1,0
10.775,1,0,0,0,1,1,0,1,0
10.783333333333333,1,0,0,0,1,1,0,1,0
10.791666666666666,1,0,0,0,1,1,0,1,0
10.8,1,0,0,0,1,1,0,1,0
10.808333333333334,1,0,0,0,1,1,0,1,0
10.816666666666666,1,0,0,0,1,1,0,1,0
10.825,1,0,0,0,1,1,0,1,0
10.833333333333334,1,0,0,0,1,1,0,1,0
10.841666666666667,1,0,0,0,1,1,0,1,0
10.85,1,0,0,0,1,1,0,1,0
10.858333333333333,1,0,0,0,1,1,0,1,0
10.866666666666667,1,0,0,0,1,1,0,1,0
10.875,1,0,0,0,1,1,0,1,0
10.883333333333333,1,0,0,0,1,1,0,1,0
10.891666666666667,1,0,0,0,1,1,0,1,0
10.9,1,0,0,0,1,1,0,1,0
10.908333333333333,1,0,0,0,1,1,0,1,0
10.916666666666666,1,0,0,0,1,1,0,1,0
10.925,1,0,0,0,1,1,0,1,0
10.933333333333334,1,0,0,0,1,1,0,1,0
10.941666666666666,1,0,0,0,1,1,0,1,0
10.95,1,0,0,0,1,1,0,1,0
10.958333333333334,1,0,0,0,1,1,0,1,0
10.966666666666667,1,0,0,0,1,1,0,1,0
10.975,1,0,0,0,1,1,0,1,0
10.983333333333333,1,0,0,0,1,1,0,1,0
10.991666666666667,1,0,0,0,1,1,0,1,0
11.0,1,0,0,0,1,1,0,1,0
11.008333333333333,1,0,0,0,1,1,0,1,0
11.016666666666667,1,0,0,0,1,1,0,1,0
11.025,1,0,0,0,1,1,0,1,0
11.033333333333333,1,0,0,0,1,1,0,1,0
11.041666666666666,1,0,0,0,1,1,0,1,0
11.05,1,0,0,0,1,1,0,1,0
11.058333333333334,1,0,0,0,1,1,0,1,0
11.066666666666666,1,0,0,0,1,1,0,1,0
11.075,1,0,0,0,1,1,0,1,0
11.083333333333334,1,0,0,0,1,1,0,1,0
11.091666666666667,1,0,0,0,1,1,0,1,0
11.1,1,0,0,0,1,1,0,1,0
11.108333333333333,1,0,0,0,1,1,0,1,0
11.116666666666667,1,0,0,0,1,1,0,1,0
11.125,1,0,0,0,1,1,0,1,0
11.133333333333333,1,0,0,0,1,1,0,1,0
11.141666666666667,1,0,0,0,1,1,1,1,0
11.15,1,0,0,0,1,1,1,1,0
11.158333333333333,1,0,0,0,1,1,1,1,0
11.166666666666666,1,0,0,0,1,1,1,1,0
11.175,1,0,0,0,1,1,1,1,0
11.183333333333334,1,0,0,0,1,1,1,1,0
11.191666666666666,1,0,0,0,1,1,1,1,0
11.2,1,0,0,0,1,1,1,1,0
11.208333333333334,1,0,0,0,1,1,1,1,0
11.216666666666667,1,0,0,0,1,1,1,1,0
11.225,1,0,0,0,1,1,1,1,0
11.233333333333333,1,0,0,0,1,1,1,1,0
11.241666666666667,1,0,0,0,1,1,1,1,0
11.25,1,0,0,0,1,1,1,1,0
11.258333333333333,1,0,0,0,1,1,1,1,0
11.266666666666667,1,0,0,0,1,1,1,1,0
11.275,1,0,0,0,1,1,1,1,0
11.283333333333333,1,0,1,0,1,1,1,1,0
11.291666666666666,1,0,1,0,1,1,1,1,0
11.3,1,0,1,0,1,1,1,1,0
11.308333333333334,1,0,1,0,1,1,1,1,0
11.316666666666666,1,0,1,0,1,1,1,1,0
11.325,1,0,1,0,1,1,1,1,0
11.333333333333334,1,0,1,0,1,1,1,1,0
11.341666666666667,1,0,1,0,1,1,1,1,0
11.35,1,0,1,0,1,1,1,1,0
11.358333333333333,1,0,1,0,1,1,1,1,0
11.366666666666667,1,0,1,0,1,1,1,1,0
11.375,1,0,1,0,1,1,1,1,0
11.383333333333333,1,0,1,0,1,1,1,1,0
11.391666666666667,1,0,1,0,1,1,1,1,0
11.4,1,0,1,0,1,1,1,1,0
11.408333333333333,1,0,1,0,1,1,1,1,0
11.416666666666666,1,0,1,0,1,1,1,1,0
11.425,1,0,1,0,1,1,1,1,0
11.433333333333334,1,0,1,0,1,1,1,1,0
11.441666666666666,1,0,1,0,1,1,1,1,0
11.45,1,0,1,0,1,1,1,1,0
11.458333333333334,1,0,1,0,1,1,1,1,0
11.466666666666667,1,0,1,0,1,1,1,1,0
11.475,1,0,1,0,1,1,1,1,0
11.483333333333333,1,0,1,0,1,1,1,1,0
11.491666666666667,1,0,1,0,1,1,1,1,0
11.5,1,0,1,0,1,1,1,1,0
11.508333333333333,1,0,1,0,1,1,1,1,0
11.516666666666667,1,0,1,0,1,1,1,1,0
11.525,1,0,1,0,1,1,1,1,0
11.533333333333333,1,0,1,0,1,1,1,1,0
11.541666666666666,1,0,1,0,1,1,1,1,0
11.55,1,0,1,0,1,1,1,1,0
11.558333333333334,1,0,1,0,1,1,1,1,0
11.566666666666666,1,0,1,0,1,1,1,1,0
11.575,1,0,0,0,1,1,1,1,0
11.583333333333334,1,0,0,0,1,1,1,1,0
11.591666666666667,1,0,0,0,1,1,1,1,0
11.6,1,0,0,0,1,1,1,1,0
11.608333333333333,1,0,0,0,1,1,1,1,0
11.616666666666667,1,0,0,0,1,1,1,1,0
11.625,1,0,0,0,1,1,0,1,0
11.633333333333333,1,0,0,0,1,1,0,1,0
11.641666666666667,1,0,0,0,1,1,0,1,0
11.65,1,0,0,0,1,1,0,1,0
11.658333333333333,1,0,0,0,1,1,0,1,0
11.666666666666666,1,0,0,0,1,1,0,1,0
11.675,1,0,0,0,1,1,0,1,0
11.683333333333334,1,0,0,0,1,1,0,1,0
11.691666666666666,1,0,0,0,1,1,0,1,0
11.7,1,0,0,0,1,1,0,1,0
11.708333333333334,1,0,0,0,1,1,0,1,0
11.716666666666667,1,0,0,0,1,1,0,1,0
11.725,1,0,0,0,1,1,0,1,0
11.733333333333333,1,0,0,0,1,1,0,1,0
11.741666666666667,1,0,0,0,1,1,0,1,0
11.75,1,0,0,0,1,1,0,1,0
11.758333333333333,1,0,0,0,1,1,0,1,0
11.766666666666667,1,0,0,0,1,1,0,1,0
11.775,1,0,0,0,1,1,0,1,0
11.783333333333333,1,0,0,0,1,1,0,1,0
11.791666666666666,1,0,0,0,1,1,0,1,0
11.8,1,0,0,0,1,1,0,1,0
11.808333333333334,1,0,0,0,1,1,0,1,0
11.816666666666666,1,0,0,0,1,1,0,1,0
11.825,1,0,0,0,1,1,0,1,0
11.833333333333334,1,0,0,0,1,1,0,1,0
11.841666666666667,1,0,0,0,1,1,0,1,0
11.85,1,0,0,0,1,1,0,1,0
11.858333333333333,1,0,0,0,1,1,0,1,0
11.866666666666667,1,0,0,0,1,1,0,1,0
11.875,1,0,0,0,1,1,0,1,0
11.883333333333333,1,0,0,0,1,1,0,1,0
11.891666666666667,1,0,0,0,1,1,0,1,0
11.9,1,0,0,0,1,1,0,1,0
11.908333333333333,1,0,0,0,1,1,0,1,0
11.916666666666666,1,0,0,0,1,1,0,1,0
11.925,1,0,0,0,1,1,0,1,0
11.933333333333334,1,0,0,0,1,1,0,1,0
11.941666666666666,1,0,0,0,1,1,0,1,0
11.95,1,0,0,0,1,1,0,1,0
11.958333333333334,1,0,0,0,1,1,0,1,0
11.966666666666667,1,0,0,0,1,1,0,1,0
11.975,1,0,0,0,1,1,0,1,0
11.983333333333333,1,0,0,0,1,1,0,1,0
11.991666666666667,1,0,0,0,1,1,0,1,0
12.0,1,0,0,0,1,1,0,1,0
12.008333333333333,1,0,0,0,1,1,0,1,0
12.016666666666667,1,0,0,0,1,1,0,1,0
12.025,1,0,0,0,1,1,0,1,0
12.033333333333333,1,0,0,0,1,1,0,1,0
12.041666666666666,1,0,0,0,1,1,0,1,0
12.05,1,0,0,0,1,1,0,1,0
12.058333333333334,1,0,0,0,1,1,0,1,0
12.066666666666666,1,0,0,0,1,1,0,1,0
12.075,1,0,0,0,1,1,0,1,0
12.083333333333334,1,0,0,0,1,1,0,1,0
12.091666666666667,1,0,0,0,1,1,0,1,0
12.1,1,0,0,0,1,1,0,1,0
12.108333333333333,1,0,0,0,1,1,0,1,0
12.116666666666667,1,0,0,0,1,1,0,1,0
12.125,1,0,0,0,1,1,0,1,0
12.133333333333333,1,0,0,0,1,1,0,1,0
12.141666666666667,1,0,0,0,1,1,0,1,0
12.15,1,0,0,0,1,1,0,1,0
12.158333333333333,1,0,0,0,1,1,0,1,0
12.166666666666666,1,0,0,0,1,1,0,1,0
12.175,1,0,0,0,1,1,0,1,0
12.183333333333334,1,0,0,0,1,1,0,1,0
12.191666666666666,1,0,0,0,1,1,0,1,0
12.2,1,0,0,0,1,1,0,1,0
12.208333333333334,1,0,0,0,1,1,0,1,0
12.216666666666667,1,0,0,0,1,1,0,1,0
12.225,1,0,0,0,1,1,0,1,0
12.233333333333333,1,0,0,0,1,1,0,1,0
12.241666666666667,1,0,0,0,1,1,0,1,0
12.25,1,0,0,0,1,1,0,1,0
12.258333333333333,1,0,0,0,1,1,0,1,0
12.266666666666667,1,0,1,0,1,1,0,1,0
12.275,1,0,1,0,1,1,0,1,0
12.283333333333333,1,0,1,0,1,1,0,1,0
12.291666666666666,1,0,1,0,1,1,0,1,0
12.3,1,0,1,0,1,1,0,1,0
12.308333333333334,1,0,1,0,1,1,0,1,0
12.316666666666666,1,0,1,0,1,1,0,1,0
12.325,1,0,1,0,1,1,0,1,0
12.333333333333334,1,0,1,0,1,1,0,1,0
12.341666666666667,1,0,1,0,1,1,0,1,0
12.35,1,0,1,0,1,1,0,1,0
12.358333333333333,1,0,1,0,1,1,0,1,0
12.366666666666667,1,0,1,0,1,1,0,1,0
12.375,1,0,1,0,1,1,0,1,0
12.383333333333333,1,0,1,0,1,1,0,1,0
12.391666666666667,1,0,1,0,1,1,0,1,0
12.4,1,0,1,0,1,1,0,1,0
12.408333333333333,1,0,1,0,1,1,0,1,0
12.416666666666666,1,0,1,0,1,1,0,1,0
12.425,1,0,1,0,1,1,0,1,0
12.433333333333334,1,0,1,0,1,1,0,1,0
12.441666666666666,1,0,1,0,1,1,0,1,0
12.45,1,0,0,0,1,1,0,1,0
12.458333333333334,1,0,0,0,1,1,0,1,0
12.466666666666667,1,0,0,0,1,1,0,1,0
12.475,1,0,0,0,1,1,0,1,0
12.483333333333333,1,0,0,0,1,1,0,1,0
12.491666666666667,1,0,0,0,1,1,0,1,0
12.5,1,0,0,0,1,1,0,1,0
12.508333333333333,1,0,0,0,1,1,0,1,0
12.516666666666667,1,0,0,0,1,1,0,1,0
12.525,1,0,0,0,1,1,0,1,0
12.533333333333333,1,0,0,0,1,1,0,1,0
12.541666666666666,1,0,0,0,1,1,0,1,0
12.55,1,0,0,0,1,1,0,1,0
12.558333333333334,1,0,0,0,1,1,0,1,0
12.566666666666666,1,0,0,0,1,1,0,1,0
12.575,1,0,0,0,1,1,0,1,0
12.583333333333334,1,0,0,0,1,1,0,1,0
12.591666666666667,1,0,0,0,1,1,0,1,0
12.6,1,0,0,0,1,1,0,1,0
12.608333333333333,1,0,0,0,1,1,0,1,0
12.616666666666667,1,0,0,0,1,1,0,1,0
12.625,1,0,0,0,1,1,0,1,0
12.633333333333333,1,0,0,0,1,1,0,1,0
12.641666666666667,1,0,0,0,1,1,0,1,0
12.65,1,0,0,0,1,1,0,1,0
12.658333333333333,1,0,0,0,1,1,0,1,0
12.666666666666666,1,0,0,0,1,1,0,1,0
12.675,1,0,0,0,1,1,0,1,0
12.683333333333334,1,0,0,0,1,1,0,1,0
12.691666666666666,1,0,0,0,1,1,0,1,0
12.7,1,0,0,0,1,1,0,1,0
12.708333333333334,1,0,0,0,1,1,0,1,0
12.716666666666667,1,0,0,0,1,1,0,1,0
12.725,1,0,0,0,1,1,0,1,0
12.733333333333333,1,0,0,0,1,1,0,1,0
12.741666666666667,1,0,0,0,1,1,0,1,0
12.75,1,0,0,0,1,1,0,1,0
12.758333333333333,1,0,0,0,1,1,0,1,0
12.766666666666667,1,0,0,0,1,1,0,1,0
12.775,1,0,0,0,1,1,0,1,0
12.783333333333333,1,0,0,0,1,1,0,1,0
12.791666666666666,1,0,0,0,1,1,0,1,0
12.8,1,0,0,0,1,1,0,1,0
12.808333333333334,1,0,0,0,1,1,0,1,0
12.816666666666666,1,0,0,0,1,1,0,1,0
12.825,1,0,0,0,1,1,0,1,0
12.833333333333334,1,0,0,0,1,1,0,1,0
12.841666666666667,1,0,0,0,1,1,0,1,0
12.85,1,0,0,0,1,1,0,1,0
12.858333333333333,1,0,0,0,1,1,0,1,0
12.866666666666667,1,0,0,0,1,1,0,1,0
12.875,1,0,0,0,1,1,0,1,0
12.883333333333333,1,0,0,0,1,1,0,1,0
12.891666666666667,1,0,0,0,1,1,0,1,0
12.9,1,0,0,0,1,1,0,1,0
12.908333333333333,1,0,0,0,1,1,0,1,0
12.916666666666666,1,0,0,0,1,1,0,1,0
12.925,1,0,0,0,1,1,0,1,0
12.933333333333334,1,0,0,0,1,1,0,1,0
12.941666666666666,1,0,0,0,1,1,0,1,0
12.95,1,0,0,0,1,1,0,1,0
12.958333333333334,1,0,0,0,1,1,0,1,0
12.966666666666667,1,0,0,0,1,1,0,1,0
12.975,1,0,0,0,1,1,0,1,0
12.983333333333333,1,0,0,0,1,1,0,1,0
12.991666666666667,1,0,0,0,1,1,0,1,0
13.0,1,0,0,0,1,1,0,1,0
13.008333333333333,1,0,0,0,1,1,0,1,0
13.016666666666667,1,0,0,0,1,1,0,1,0
13.025,1,0,0,0,1,1,0,1,0
13.033333333333333,1,0,0,0,1,1,0,1,0
13.041666666666666,1,0,0,0,1,1,0,1,0
13.05,1,0,0,0,1,1,0,1,0
13.058333333333334,1,0,0,0,1,1,0,1,0
13.066666666666666,1,0,0,0,1,1,0,1,0
13.075,1,0,0,0,1,1,0,1,0
13.083333333333334,1,0,0,0,1,1,0,1,0
13.091666666666667,1,0,0,0,1,1,0,1,0
13.1,1,0,0,0,1,1,0,1,0
13.108333333333333,1,0,0,0,1,1,0,1,0
13.116666666666667,1,0,0,0,1,1,0,1,0
13.125,1,0,0,0,1,1,0,1,0
13.133333333333333,1,0,0,0,1,1,0,1,0
13.141666666666667,1,0,0,0,1,1,0,1,0
13.15,1,0,1,0,1,1,0,1,0
13.158333333333333,1,0,1,0,1,1,0,1,0
13.166666666666666,1,0,1,0,1,1,0,1,0
13.175,1,0,1,0,1,1,0,1,0
13.183333333333334,1,0,1,0,1,1,0,1,0
13.191666666666666,1,0,1,0,1,1,0,1,0
13.2,1,0,1,0,1,1,0,1,0
13.208333333333334,1,0,1,0,1,1,0,1,0
13.216666666666667,1,0,1,0,1,1,0,1,0
13.225,1,0,1,0,1,1,0,1,0
13.233333333333333,1,0,1,0,1,1,0,1,0
13.241666666666667,1,0,1,0,1,1,0,1,0
13.25,1,0,1,0,1,1,0,1,0
13.258333333333333,1,0,1,0,1,1,0,1,0
13.266666666666667,1,0,1,0,1,1,0,1,0
13.275,1,0,1,0,1,1,0,1,0
13.283333333333333,1,0,1,0,1,1,0,1,0
13.291666666666666,1,0,1,0,1,1,0,1,0
13.3,1,0,1,0,1,1,0,1,0
13.308333333333334,1,0,1,0,1,1,0,1,0
13.316666666666666,1,0,1,0,1,1,0,1,0
13.325,1,0,1,0,1,1,0,1,0
13.333333333333334,1,0,1,0,1,1,0,1,0
13.341666666666667,1,0,0,0,1,1,0,1,0
13.35,1,0,0,0,1,1,0,1,0
13.358333333333333,1,0,0,0,1,1,0,1,0
13.366666666666667,1,0,0,0,1,1,0,1,0
13.375,1,0,0,0,1,1,0,1,0
13.383333333333333,1,0,0,0,1,1,0,1,0
13.391666666666667,1,0,0,0,1,1,0,1,0
13.4,1,0,0,0,1,1,0,1,0
13.408333333333333,1,0,0,0,1,1,0,1,0
13.416666666666666,1,0,0,0,1,1,0,1,0
13.425,1,0,0,0,1,1,0,1,0
13.433333333333334,1,0,0,0,1,1,0,1,0
13.441666666666666,1,0,0,0,1,1,0,1,0
13.45,1,0,0,0,1,1,0,1,0
13.458333333333334,1,0,0,0,1,1,0,1,0
13.466666666666667,1,0,0,0,1,1,0,1,0
13.475,1,0,0,0,1,1,0,1,0
13.483333333333333,1,0,0,0,1,1,0,1,0
13.491666666666667,1,0,0,0,1,1,0,1,0
13.5,1,0,0,0,1,1,0,1,0
13.508333333333333,1,0,0,0,1,1,0,1,0
13.516666666666667,1,0,0,0,1,1,0,1,0
13.525,1,0,0,0,1,1,0,1,0
13.533333333333333,1,0,0,0,1,1,0,1,0
13.541666666666666,1,0,0,0,1,1,0,1,0
13.55,1,0,0,0,1,1,0,1,0
13.558333333333334,1,0,0,0,1,1,0,1,0
13.566666666666666,1,0,0,0,1,1,0,1,0
13.575,1,0,0,0,1,1,0,1,0
13.583333333333334,1,0,0,0,1,1,0,1,0
13.591666666666667,1,0,0,0,1,1,0,1,0
13.6,1,0,0,0,1,1,0,1,0
13.608333333333333,1,0,0,0,1,1,0,1,0
13.616666666666667,1,0,0,0,1,1,0,1,0
13.625,1,0,0,0,1,1,0,1,0
13.633333333333333,1,0,0,0,1,1,0,1,0
13.641666666666667,1,0,0,0,1,1,0,1,0
13.65,1,0,0,0,1,1,0,1,0
13.658333333333333,1,0,0,0,1,1,0,1,0
13.666666666666666,1,0,0,0,1,1,0,1,0
13.675,1,0,0,0,1,1,0,1,0
13.683333333333334,1,0,0,0,1,1,0,1,0
13.691666666666666,1,0,0,0,1,1,0,1,0
13.7,1,0,0,0,1,1,0,1,0
13.708333333333334,1,0,0,0,1,1,0,1,0
13.716666666666667,1,0,0,0,1,1,0,1,0
13.725,1,0,0,0,1,1,0,1,0
13.733333333333333,1,0,0,0,1,1,0,1,0
13.741666666666667,1,0,0,0,1,1,0,1,0
13.75,1,0,0,0,1,1,0,1,0
13.758333333333333,1,0,0,0,1,1,0,1,0
13.766666666666667,1,0,0,0,1,1,0,1,0
13.775,1,0,0,0,1,1,0,1,0
13.783333333333333,1,0,0,0,1,1,0,1,0
13.791666666666666,1,0,0,0,1,1,0,1,0
13.8,1,0,0,0,1,1,0,1,0
13.808333333333334,1,0,0,0,1,1,0,1,0
13.816666666666666,1,0,0,0,1,1,0,1,0
13.825,1,0,0,0,1,1,0,1,0
13.833333333333334,1,0,0,0,1,1,0,1,0
13.841666666666667,1,0,0,0,1,1,0,1,0
13.85,1,0,0,0,1,1,0,1,0
13.858333333333333,1,0,0,0,1,1,0,1,0
13.866666666666667,1,0,0,0,1,1,0,1,0
13.875,1,0,0,0,1,1,0,1,0
13.883333333333333,1,0,0,0,1,1,0,1,0
13.891666666666667,1,0,1,0,1,1,0,1,0
13.9,1,0,1,0,1,1,0,1,0
13.908333333333333,1,0,1,0,1,1,0,1,0
13.916666666666666,1,0,1,0,1,1,0,1,0
13.925,1,0,1,0,1,1,0,1,0
13.933333333333334,1,0,1,0,1,1,0,1,0
13.941666666666666,1,0,1,0,1,1,0,1,0
13.95,1,0,1,0,1,1,0,1,0
13.958333333333334,1,0,1,0,1,1,0,1,0
13.966666666666667,1,0,1,0,1,1,0,1,0
13.975,1,0,1,0,1,1,0,1,0
13.983333333333333,1,0,1,0,1,1,0,1,0
13.991666666666667,1,0,1,0,1,1,0,1,0
14.0,1,0,1,0,1,1,0,1,0
14.008333333333333,1,0,1,0,1,1,0,1,0
14.016666666666667,1,0,1,0,1,1,0,1,0
14.025,1,0,1,0,1,1,0,1,0
14.033333333333333,1,0,1,0,1,1,0,1,0
14.041666666666666,1,0,1,0,1,1,0,1,0
14.05,1,0,1,0,1,1,0,1,0
14.058333333333334,1,0,1,0,1,1,0,1,0
14.066666666666666,1,0,1,0,1,1,0,1,0
14.075,1,0,1,0,1,1,0,1,0
14.083333333333334,1,0,1,0,1,1,0,1,0
14.091666666666667,1,0,1,0,1,1,0,1,0
14.1,1,0,1,0,1,1,0,1,0
14.108333333333333,1,0,1,0,1,1,0,1,0
14.116666666666667,1,0,1,0,1,1,0,1,0
14.125,1,0,1,0,1,1,0,1,0
14.133333333333333,1,0,1,0,1,1,0,1,0
14.141666666666667,1,0,0,0,1,1,0,1,0
14.15,1,0,0,0,1,1,0,1,0
14.158333333333333,1,0,0,0,1,1,0,1,0
14.166666666666666,1,0,0,0,1,1,0,1,0
14.175,1,0,0,0,1,1,0,1,0
14.183333333333334,1,0,0,0,1,1,0,1,0
14.191666666666666,1,0,0,0,1,1,0,1,0
14.2,1,0,0,0,1,1,0,1,0
14.208333333333334,1,0,0,0,1,1,0,1,0
14.216666666666667,1,0,0,0,1,1,0,1,0
14.225,1,0,0,0,1,1,0,1,0
14.233333333333333,1,0,0,0,1,1,0,1,0
14.241666666666667,1,0,0,0,1,1,0,1,0
14.25,1,0,0,0,1,1,0,1,0
14.258333333333333,1,0,0,0,1,1,0,1,0
14.266666666666667,1,0,0,0,1,1,0,1,0
14.275,1,0,0,0,1,1,0,1,0
14.283333333333333,1,0,0,0,1,1,0,1,0
14.291666666666666,1,0,0,0,1,1,0,1,0
14.3,1,0,0,0,1,1,0,1,0
14.308333333333334,1,0,0,0,1,1,0,1,0
14.316666666666666,1,0,0,0,1,1,0,1,0
14.325,1,0,0,0,1,1,0,1,0
14.333333333333334,1,0,0,0,1,1,0,1,0
14.341666666666667,1,0,0,0,1,1,0,1,0
14.35,1,0,0,0,1,1,0,1,0
14.358333333333333,1,0,0,0,1,1,0,1,0
14.366666666666667,1,0,0,0,1,1,0,1,0
14.375,1,0,0,0,1,1,0,1,0
14.383333333333333,1,0,0,0,1,1,0,1,0
14.391666666666667,1,0,0,0,1,1,0,1,0
14.4,1,0,0,0,1,1,0,1,0
14.408333333333333,1,0,0,0,1,1,0,1,0
14.416666666666666,1,0,0,0,1,1,0,1,0
14.425,1,0,0,0,1,1,0,1,0
14.433333333333334,1,0,0,0,1,1,0,1,0
14.441666666666666,1,0,0,0,1,1,0,1,0
14.45,1,0,0,0,1,1,0,1,0
14.458333333333334,1,0,0,0,1,1,0,1,0
14.466666666666667,1,0,0,0,1,1,0,1,0
14.475,1,0,0,0,1,1,0,1,0
14.483333333333333,1,0,0,0,1,1,0,1,0
14.491666666666667,1,0,0,0,1,1,0,1,0
14.5,1,0,0,0,1,1,0,1,0
14.508333333333333,1,0,0,0,1,1,0,1,0
14.516666666666667,1,0,0,0,1,1,0,1,0
14.525,1,0,0,0,1,1,0,1,0
14.533333333333333,1,0,0,0,1,1,0,1,0
14.541666666666666,1,0,0,0,1,1,0,1,0
14.55,1,0,0,0,1,1,0,1,0
14.558333333333334,1,0,0,0,1,1,0,1,0
14.566666666666666,1,0,0,0,1,1,0,1,0
14.575,1,0,0,0,1,1,0,1,0
14.583333333333334,1,0,0,0,1,1,0,1,0
14.591666666666667,1,0,0,0,1,1,0,1,0
14.6,1,0,0,0,1,1,0,1,0
14.608333333333333,1,0,0,0,1,1,0,1,0
14.616666666666667,1,0,0,0,1,1,0,1,0
14.625,1,0,0,0,1,1,0,1,0
14.633333333333333,1,0,0,0,1,1,0,1,0
14.641666666666667,1,0,0,0,1,1,0,1,0
14.65,1,0,0,0,1,1,0,1,0
14.658333333333333,1,0,0,0,1,1,0,1,0
14.666666666666666,1,0,0,0,1,1,0,1,0
14.675,1,0,0,0,1,1,0,1,0
14.683333333333334,1,0,0,0,1,1,0,1,0
14.691666666666666,1,0,0,0,1,1,0,1,0
14.7,1,0,0,0,1,1,0,1,0
14.708333333333334,1,0,0,0,1,1,0,1,0
14.716666666666667,1,0,0,0,1,1,0,1,0
14.725,1,0,0,0,1,1,0,1,0
14.733333333333333,1,0,0,0,1,1,0,1,0
14.741666666666667,1,0,0,0,1,1,0,1,0
14.75,1,0,0,0,1,1,0,1,0
14.758333333333333,1,0,0,0,1,1,0,1,0
14.766666666666667,1,0,0,0,1,1,0,1,0
14.775,1,0,0,0,1,1,0,1,0
14.783333333333333,1,0,1,0,1,1,0,1,0
14.791666666666666,1,0,1,0,1,1,0,1,0
14.8,1,0,1,0,1,1,0,1,0
14.808333333333334,1,0,1,0,1,1,0,1,0
14.816666666666666,1,0,1,0,1,1,0,1,0
14.825,1,0,1,0,1,1,0,1,0
14.833333333333334,1,0,1,0,1,1,0,1,0
14.841666666666667,1,0,1,0,1,1,0,1,0
14.85,1,0,1,0,1,1,0,1,0
14.858333333333333,1,0,1,0,1,1,0,1,0
14.866666666666667,1,0,1,0,1,1,0,1,0
14.875,1,0,1,0,1,1,0,1,0
14.883333333333333,1,0,1,0,1,1,0,1,0
14.891666666666667,1,0,1,0,1,1,0,1,0
14.9,1,0,1,0,1,1,0,1,0
14.908333333333333,1,0,1,0,1,1,0,1,0
14.916666666666666,1,0,1,0,1,1,0,1,0
14.925,1,0,1,0,1,1,0,1,0
14.933333333333334,1,0,1,0,1,1,0,1,0
14.941666666666666,1,0,1,0,1,1,0,1,0
14.95,1,0,0,0,1,1,0,1,0
14.958333333333334,1,0,0,0,1,1,0,1,0
14.966666666666667,1,0,0,0,1,1,0,1,0
14.975,1,0,0,0,1,1,0,1,0
14.983333333333333,1,0,0,0,1,1,0,1,0
14.991666666666667,1,0,0,0,1,1,0,1,0
15.0,1,0,0,0,1,1,0,1,0
15.008333333333333,1,0,0,0,1,1,0,1,0
15.016666666666667,1,0,0,0,1,1,0,1,0
15.025,1,0,0,0,1,1,0,1,0
15.033333333333333,1,0,0,0,1,1,0,1,0
15.041666666666666,1,0,0,0,1,1,0,1,0
15.05,1,0,0,0,1,1,0,1,0
15.058333333333334,1,0,0,0,1,1,0,1,0
15.066666666666666,1,0,0,0,1,1,0,1,0
15.075,1,0,0,0,1,1,0,1,0
15.083333333333334,1,0,0,0,1,1,0,1,0
15.091666666666667,1,0,0,0,1,1,0,1,0
15.1,1,0,0,0,1,1,0,1,0
15.108333333333333,1,0,0,0,1,1,0,1,0
15.116666666666667,1,0,0,0,1,1,0,1,0
15.125,1,0,0,0,1,1,0,1,0
15.133333333333333,1,0,0,0,1,1,0,1,0
15.141666666666667,1,0,0,0,1,1,0,1,0
15.15,1,0,0,0,1,1,0,1,0
15.158333333333333,1,0,0,0,1,1,0,1,0
15.166666666666666,1,0,0,0,1,1,0,1,0
15.175,1,0,0,0,1,1,0,1,0
15.183333333333334,1,0,0,0,1,1,0,1,0
15.191666666666666,1,0,0,0,1,1,0,1,0
15.2,1,0,0,0,1,1,0,1,0
15.208333333333334,1,0,0,0,1,1,0,1,0
15.216666666666667,1,0,0,0,1,1,0,1,0
15.225,1,0,0,0,1,1,0,1,0
15.233333333333333,1,0,0,0,1,1,0,1,0
15.241666666666667,1,0,0,0,1,1,0,1,0
15.25,1,0,0,0,1,1,0,1,0
15.258333333333333,1,0,0,0,1,1,0,1,0
15.266666666666667,1,0,0,0,1,1,0,1,0
15.275,1,0,0,0,1,1,0,1,0
15.283333333333333,1,0,0,0,1,1,0,1,0
15.291666666666666,1,0,0,0,1,1,0,1,0
15.3,1,0,0,0,1,1,0,1,0
15.308333333333334,1,0,0,0,1,1,0,1,0
15.316666666666666,1,0,0,0,1,1,0,1,0
15.325,1,0,0,0,1,1,0,1,0
15.333333333333334,1,0,0,0,1,1,0,1,0
15.341666666666667,1,0,0,0,1,1,0,1,0
15.35,1,0,0,0,1,1,0,1,0
15.358333333333333,1,0,0,0,1,1,0,1,0
15.366666666666667,1,0,0,0,1,1,0,1,0
15.375,1,0,0,0,1,1,0,1,0
15.383333333333333,1,0,0,0,1,1,0,1,0
15.391666666666667,1,0,0,0,1,1,0,1,0
15.4,1,0,0,0,1,1,0,1,0
15.408333333333333,1,0,0,0,1,1,0,1,0
15.416666666666666,1,0,0,0,1,1,0,1,0
15.425,1,0,0,0,1,1,0,1,0
15.433333333333334,1,0,0,0,1,1,0,1,0
15.441666666666666,1,0,0,0,1,1,0,1,0
15.45,1,0,0,0,1,1,0,1,0
15.458333333333334,1,0,0,0,1,1,0,1,0
15.466666666666667,1,0,0,0,1,1,0,1,0
15.475,1,0,0,0,1,1,0,1,0
15.483333333333333,1,0,0,0,1,1,0,1,0
15.491666666666667,1,0,0,0,1,1,0,1,0
15.5,1,0,0,0,1,1,0,1,0
15.508333333333333,1,0,0,0,1,1,0,1,0
15.516666666666667,1,0,0,0,1,1,0,1,0
15.525,1,0,0,0,1,1,0,1,0
15.533333333333333,1,0,0,0,1,1,0,1,0
15.541666666666666,1,0,0,0,1,1,0,1,0
15.55,1,0,0,0,1,1,0,1,0
15.558333333333334,1,0,0,0,1,1,0,1,0
15.566666666666666,1,0,0,0,1,1,0,1,0
15.575,1,0,0,0,1,1,0,1,0
15.583333333333334,1,0,0,0,1,1,0,1,0
15.591666666666667,1,0,0,0,1,1,0,1,0
15.6,1,0,0,0,1,1,0,1,0
15.608333333333333,1,0,0,0,1,1,0,1,0
15.616666666666667,1,0,0,0,1,1,0,1,0
15.625,1,0,0,0,1,1,0,1,0
15.633333333333333,1,0,0,0,1,1,0,1,0
15.641666666666667,1,0,1,0,1,1,0,1,0
15.65,1,0,1,0,1,1,0,1,0
15.658333333333333,1,0,1,0,1,1,0,1,0
15.666666666666666,1,0,1,0,1,1,0,1,0
15.675,1,0,1,0,1,1,0,1,0
15.683333333333334,1,0,1,0,1,1,0,1,0
15.691666666666666,1,0,1,0,1,1,0,1,0
15.7,1,0,1,0,1,1,0,1,0
15.708333333333334,1,0,1,0,1,1,0,1,0
15.716666666666667,1,0,1,0,1,1,0,1,0
15.725,1,0,1,0,1,1,0,1,0
15.733333333333333,1,0,1,0,1,1,0,1,0
15.741666666666667,1,0,1,0,1,1,0,1,0
15.75,1,0,1,0,1,1,0,1,0
15.758333333333333,1,0,1,0,1,1,0,1,0
15.766666666666667,1,0,1,0,1,1,0,1,0
15.775,1,0,1,0,1,1,0,1,0
15.783333333333333,1,0,1,0,1,1,0,1,0
15.791666666666666,1,0,1,0,1,1,0,1,0
15.8,1,0,0,0,1,1,0,1,0
15.808333333333334,1,0,0,0,1,1,0,1,0
15.816666666666666,1,0,0,0,1,1,0,1,0
15.825,1,0,0,0,1,1,0,1,0
15.833333333333334,1,0,0,0,1,1,0,1,0
15.841666666666667,1,0,0,0,1,1,0,1,0
15.85,1,0,0,0,1,1,0,1,0
15.858333333333333,1,0,0,0,1,1,0,1,0
15.866666666666667,1,0,0,0,1,1,0,1,0
15.875,1,0,0,0,1,1,0,1,0
15.883333333333333,1,0,0,0,1,1,0,1,0
15.891666666666667,1,0,0,0,1,1,0,1,0
15.9,1,0,0,0,1,1,0,1,0
15.908333333333333,1,0,0,0,1,1,0,1,0
15.916666666666666,1,0,0,0,1,1,0,1,0
15.925,1,0,0,0,1,1,0,1,0
15.933333333333334,1,0,0,0,1,1,0,1,0
15.941666666666666,1,0,0,0,1,1,0,1,0
15.95,1,0,0,0,1,1,0,1,0
15.958333333333334,1,0,0,0,1,1,0,1,0
15.966666666666667,1,0,0,0,1,1,0,1,0
15.975,1,0,0,0,1,1,0,1,0
15.983333333333333,1,0,0,0,1,1,0,1,0
15.991666666666667,1,0,0,0,1,1,0,1,0
16.0,1,0,0,0,1,1,0,1,0
16.008333333333333,1,0,0,0,1,1,0,1,0
16.016666666666666,1,0,0,0,1,1,0,1,0
16.025,1,0,0,0,1,1,0,1,0
16.033333333333335,1,0,0,0,1,1,0,1,0
16.041666666666668,1,0,0,0,1,1,0,1,0
16.05,1,0,0,0,1,1,0,1,0
16.058333333333334,1,0,0,0,1,1,0,1,0
16.066666666666666,1,0,0,0,1,1,0,1,0
16.075,1,0,0,0,1,1,0,1,0
16.083333333333332,1,0,0,0,1,1,0,1,0
16.091666666666665,1,0,0,0,1,1,0,1,0
16.1,1,0,0,0,1,1,0,1,0
16.108333333333334,1,0,0,0,1,1,0,1,0
16.116666666666667,1,0,0,0,1,1,0,1,0
16.125,1,0,0,0,1,1,0,1,0
16.133333333333333,1,0,0,0,1,1,0,1,0
16.141666666666666,1,0,0,0,1,1,0,1,0
16.15,1,0,0,0,1,1,0,1,0
16.158333333333335,1,0,0,0,1,1,0,1,0
16.166666666666668,1,0,0,0,1,1,0,1,0
16.175,1,0,0,0,1,1,0,1,0
16.183333333333334,1,0,0,0,1,1,0,1,0
16.191666666666666,1,0,0,0,1,1,0,1,0
16.2,1,0,0,0,1,1,0,1,0
16.208333333333332,1,0,0,0,1,1,0,1,0
16.216666666666665,1,0,0,0,1,1,0,1,0
16.225,1,0,0,0,1,1,0,1,0
16.233333333333334,1,0,0,0,1,1,0,1,0
16.241666666666667,1,0,0,0,1,1,0,1,0
16.25,1,0,0,0,1,1,0,1,0
16.258333333333333,1,0,0,0,1,1,0,1,0
16.266666666666666,1,0,0,0,1,1,0,1,0
16.275,1,0,0,0,1,1,0,1,0
16.283333333333335,1,0,0,0,1,1,0,1,0
16.291666666666668,1,0,0,0,1,1,0,1,0
16.3,1,0,0,0,1,1,0,1,0
16.308333333333334,1,0,0,0,1,1,0,1,0
16.316666666666666,1,0,0,0,1,1,0,1,0
16.325,1,0,0,0,1,1,0,1,0
16.333333333333332,1,0,0,0,1,1,0,1,0
16.341666666666665,1,0,0,0,1,1,0,1,0
16.35,1,0,0,0,1,1,0,1,0
16.358333333333334,1,0,0,0,1,1,0,1,0
16.366666666666667,1,0,0,0,1,1,0,1,0
16.375,1,0,0,0,1,1,0,1,0
16.383333333333333,1,0,0,0,1,1,0,1,0
16.391666666666666,1,0,0,0,1,1,0,1,0
16.4,1,0,0,0,1,1,0,1,0
16.408333333333335,1,0,0,0,1,1,0,1,0
16.416666666666668,1,0,1,0,1,1,0,1,0
16.425,1,0,1,0,1,1,0,1,0
16.433333333333334,1,0,1,0,1,1,0,1,0
16.441666666666666,1,0,1,0,1,1,0,1,0
16.45,1,0,1,0,1,1,0,1,0
16.458333333333332,1,0,1,0,1,1,0,1,0
16.466666666666665,1,0,1,0,1,1,0,1,0
16.475,1,0,1,0,1,1,0,1,0
16.483333333333334,1,0,1,0,1,1,0,1,0
16.491666666666667,1,0,1,0,1,1,0,1,0
16.5,1,0,1,0,1,1,0,1,0
16.508333333333333,1,0,1,0,1,1,0,1,0
16.516666666666666,1,0,1,0,1,1,0,1,0
16.525,1,0,1,0,1,1,0,1,0
16.533333333333335,1,0,1,0,1,1,0,1,0
16.541666666666668,1,0,1,0,1,1,0,1,0
16.55,1,0,1,0,1,1,0,1,0
16.558333333333334,1,0,1,0,1,1,0,1,0
16.566666666666666,1,0,1,0,1,1,0,1,0
16.575,1,0,1,0,1,1,0,1,0
16.583333333333332,1,0,1,0,1,1,0,1,0
16.591666666666665,1,0,1,0,1,1,0,1,0
16.6,1,0,1,0,1,1,0,1,0
16.608333333333334,1,0,1,0,1,1,0,1,0
16.616666666666667,1,0,1,0,1,1,0,1,0
16.625,1,0,1,0,1,1,0,1,0
16.633333333333333,1,0,1,0,1,1,0,0,0
16.641666666666666,1,0,1,0,1,1,0,0,0
16.65,1,0,1,0,1,1,0,0,0
16.658333333333335,1,0,1,0,1,1,0,0,0
16.666666666666668,1,0,1,0,1,1,0,0,0
16.675,1,0,1,0,1,1,0,0,0
16.683333333333334,1,0,1,0,1,1,0,0,0
16.691666666666666,1,0,0,0,1,1,0,0,0
16.7,1,0,0,0,1,1,0,0,0
16.708333333333332,1,0,0,0,1,1,0,0,0
16.716666666666665,1,0,0,0,1,1,0,0,0
16.725,1,0,0,0,1,1,0,0,0
16.733333333333334,1,0,0,0,1,1,0,0,0
16.741666666666667,1,0,0,0,1,1,0,0,0
16.75,1,0,0,0,1,1,0,0,0
16.758333333333333,1,0,0,0,1,1,0,0,0
16.766666666666666,1,0,0,0,1,1,0,0,0
16.775,1,0,0,0,1,1,0,0,0
16.783333333333335,1,0,0,0,1,1,0,0,0
16.791666666666668,1,0,0,0,1,1,0,0,0
16.8,1,0,0,0,1,1,0,0,0
16.808333333333334,1,0,0,0,1,1,0,0,0
16.816666666666666,1,0,0,0,1,1,0,0,0
16.825,1,0,0,0,1,1,0,0,0
16.833333333333332,1,0,0,0,1,1,0,0,0
16.841666666666665,1,0,0,0,1,1,0,0,0
16.85,1,0,0,0,1,1,0,0,0
16.858333333333334,1,0,0,0,1,1,0,0,0
16.866666666666667,1,0,0,0,1,1,0,0,0
16.875,1,0,0,0,1,1,0,0,0
16.883333333333333,1,0,0,0,1,1,0,0,0
16.891666666666666,1,0,0,0,1,1,0,0,0
16.9,1,0,0,0,1,1,0,0,0
16.908333333333335,1,0,0,0,1,1,0,0,0
16.916666666666668,1,0,0,0,1,1,0,0,0
16.925,1,0,0,0,1,1,0,0,0
16.933333333333334,1,0,0,0,1,1,0,0,0
16.941666666666666,1,0,0,0,1,1,0,0,0
16.95,1,0,0,0,1,1,0,0,0
16.958333333333332,1,0,0,0,1,1,0,0,0
16.966666666666665,1,0,0,0,1,1,0,0,0
16.975,1,0,0,0,1,1,0,0,0
16.983333333333334,1,0,0,0,1,1,0,0,0
16.991666666666667,1,0,0,0,1,1,0,0,0
17.0,1,0,0,0,1,1,0,0,0
17.008333333333333,1,0,0,0,1,1,0,0,0
17.016666666666666,1,0,0,0,1,1,0,0,0
17.025,1,0,1,0,1,1,0,0,0
17.033333333333335,1,0,1,0,1,1,0,0,0
17.041666666666668,1,0,1,0,1,1,0,0,0
17.05,1,0,1,0,1,1,0,0,0
17.058333333333334,1,0,1,0,1,1,0,0,0
17.066666666666666,1,0,1,0,1,1,0,0,0
17.075,1,0,1,0,1,1,0,0,0
17.083333333333332,1,0,1,0,1,1,0,0,0
17.091666666666665,1,0,1,0,1,1,0,0,0
17.1,1,0,1,0,1,1,0,0,0
17.108333333333334,1,0,1,0,1,1,0,0,0
17.116666666666667,1,0,1,0,1,1,0,0,0
17.125,1,0,1,0,1,1,0,0,0
17.133333333333333,1,0,1,0,1,1,0,0,0
17.141666666666666,1,0,1,0,1,1,0,0,0
17.15,1,0,1,0,1,1,0,0,0
17.158333333333335,1,0,1,0,1,1,0,0,0
17.166666666666668,1,0,1,0,1,1,0,0,0
17.175,1,0,1,0,1,1,0,0,0
17.183333333333334,1,0,1,0,1,1,0,0,0
17.191666666666666,1,0,1,0,1,1,0,0,0
17.2,1,0,1,0,1,1,0,0,0
17.208333333333332,1,0,1,0,1,1,0,0,0
17.216666666666665,1,0,1,0,1,1,0,0,0
17.225,1,0,1,0,1,1,0,0,0
17.233333333333334,1,0,0,0,1,1,0,0,0
17.241666666666667,1,0,0,0,1,1,0,0,0
17.25,1,0,0,0,1,1,0,0,0
17.258333333333333,1,0,0,0,1,1,0,0,0
17.266666666666666,1,0,0,0,1,1,0,0,0
17.275,1,0,0,0,1,1,0,0,0
17.283333333333335,1,0,0,0,1,1,0,0,0
17.291666666666668,1,0,0,0,1,1,0,0,0
17.3,1,0,0,0,1,1,0,0,0
17.308333333333334,1,0,0,0,1,1,0,0,0
17.316666666666666,1,0,0,0,1,1,0,0,0
17.325,1,0,0,0,1,1,0,0,0
17.333333333333332,1,0,0,0,1,1,0,0,0
17.341666666666665,1,0,0,0,1,1,0,0,0
17.35,1,0,0,0,1,1,0,0,0
17.358333333333334,1,0,0,0,1,1,0,0,0
17.366666666666667,1,0,0,0,1,1,0,0,0
17.375,1,0,0,0,1,1,0,0,0
17.383333333333333,1,0,0,0,1,1,0,0,0
17.391666666666666,1,0,0,0,1,1,0,0,0
17.4,1,0,0,0,1,1,0,0,0
17.408333333333335,1,0,0,0,1,1,0,0,0
17.416666666666668,1,0,0,0,1,1,0,0,0
17.425,1,0,0,0,1,1,0,0,0
17.433333333333334,1,0,0,0,1,1,0,0,0
17.441666666666666,1,0,0,0,1,1,0,0,0
17.45,1,0,0,0,1,1,0,0,0
17.458333333333332,1,0,0,0,1,1,0,0,0
17.466666666666665,1,0,0,0,1,1,0,0,0
17.475,1,0,0,0,1,1,0,0,0
17.483333333333334,1,0,0,0,1,1,0,0,0
17.491666666666667,1,0,0,0,1,1,0,0,0
17.5,1,0,0,0,1,1,0,0,0
17.508333333333333,1,0,0,0,1,1,0,0,0
17.516666666666666,1,0,0,0,1,1,0,0,0
17.525,1,0,0,0,1,1,0,0,0
17.533333333333335,1,0,0,0,1,1,0,0,0
17.541666666666668,1,0,0,0,1,1,0,0,0
17.55,1,0,0,0,1,1,0,0,0
17.558333333333334,1,0,0,0,1,1,0,0,0
17.566666666666666,1,0,0,0,1,1,0,0,0
17.575,1,0,0,0,1,1,0,0,0
17.583333333333332,1,0,0,0,1,1,0,0,0
17.591666666666665,1,0,0,0,1,1,0,0,0
17.6,1,0,0,0,1,1,0,0,0
17.608333333333334,1,0,0,0,1,1,0,0,0
17.616666666666667,1,0,0,0,1,1,0,0,0
17.625,1,0,0,0,1,1,0,0,0
17.633333333333333,1,0,0,0,1,1,0,0,0
17.641666666666666,1,0,0,0,1,1,0,0,0
17.65,1,0,0,0,1,1,0,0,0
17.658333333333335,1,0,0,0,1,1,0,0,0
17.666666666666668,1,0,0,0,1,1,0,0,0
17.675,1,0,0,0,1,1,0,0,0
17.683333333333334,1,0,0,0,1,1,0,0,0
17.691666666666666,1,0,0,0,1,1,0,0,0
17.7,1,0,0,0,1,1,0,0,0
17.708333333333332,1,0,0,0,1,1,0,0,0
17.716666666666665,1,0,0,0,1,1,0,0,0
17.725,1,0,0,0,1,1,0,0,0
17.733333333333334,1,0,0,0,1,1,0,0,0
17.741666666666667,1,0,0,0,1,1,0,0,0
17.75,1,0,1,0,1,1,0,0,0
17.758333333333333,1,0,1,0,1,1,0,0,0
17.766666666666666,1,0,1,0,1,1,0,0,0
17.775,1,0,1,0,1,1,0,0,0
17.783333333333335,1,0,1,0,1,1,0,0,0
17.791666666666668,1,0,1,0,1,1,0,0,0
17.8,1,0,1,0,1,1,0,0,0
17.808333333333334,1,0,1,0,1,1,0,0,0
17.816666666666666,1,0,1,0,1,1,0,0,0
17.825,1,0,1,0,1,1,0,0,0
17.833333333333332,1,0,1,0,1,1,0,0,0
17.841666666666665,1,0,1,0,1,1,0,0,0
17.85,1,0,1,0,1,1,0,0,0
17.858333333333334,1,0,1,0,1,1,0,0,0
17.866666666666667,1,0,1,0,1,1,0,0,0
17.875,1,0,1,0,1,1,0,0,0
17.883333333333333,1,0,1,0,1,1,0,0,0
17.891666666666666,1,0,1,0,1,1,0,0,0
17.9,1,0,1,0,1,1,0,0,0
17.908333333333335,1,0,1,0,1,1,0,0,0
17.916666666666668,1,0,1,0,1,1,0,0,0
17.925,1,0,1,0,1,1,0,0,0
17.933333333333334,1,0,1,0,1,1,0,0,0
17.941666666666666,1,0,1,0,1,1,0,0,0
17.95,1,0,1,0,1,1,0,0,0
17.958333333333332,1,0,1,0,1,1,0,0,0
17.966666666666665,1,0,1,0,1,1,0,0,0
17.975,1,0,1,0,1,1,0,0,0
17.983333333333334,1,0,1,0,1,1,0,0,0
17.991666666666667,1,0,1,0,1,1,0,0,0
18.0,1,0,0,0,1,1,0,0,0
18.008333333333333,1,0,0,0,1,1,0,0,0
18.016666666666666,1,0,0,0,1,1,0,0,0
18.025,1,0,0,0,1,1,0,0,0
18.033333333333335,1,0,0,0,1,1,0,0,0
18.041666666666668,1,0,0,0,1,1,0,0,0
18.05,1,0,0,0,1,1,0,0,0
18.058333333333334,1,0,0,0,1,1,0,0,0
18.066666666666666,1,0,0,0,1,1,0,0,0
18.075,1,0,0,0,1,1,0,0,0
18.083333333333332,1,0,0,0,1,1,0,0,0
18.091666666666665,1,0,0,0,1,1,0,0,0
18.1,1,0,0,0,1,1,0,0,0
18.108333333333334,1,0,0,0,1,1,0,0,0
18.116666666666667,1,0,0,0,1,1,0,0,0
18.125,1,0,0,0,1,1,0,0,0
18.133333333333333,1,0,0,0,1,1,0,0,0
18.141666666666666,1,0,0,0,1,1,0,0,0
18.15,1,0,0,0,1,1,0,0,0
18.158333333333335,1,0,0,0,1,1,0,0,0
18.166666666666668,1,0,0,1,1,1,0,0,0
18.175,1,0,0,1,1,1,0,0,0
18.183333333333334,1,0,0,1,1,1,0,0,0
18.191666666666666,1,0,0,1,1,1,0,0,0
18.2,1,0,0,1,1,1,0,0,0
18.208333333333332,1,0,0,0,1,1,0,0,0
18.216666666666665,1,0,0,0,1,1,0,0,0
18.225,1,0,0,0,1,1,0,0,0
18.233333333333334,1,0,0,0,1,1,0,0,0
18.241666666666667,1,0,0,0,1,1,0,0,0
18.25,1,0,0,0,1,1,0,0,0
18.258333333333333,1,0,0,0,1,1,0,0,0
18.266666666666666,1,0,0,0,1,1,0,0,0
18.275,1,0,0,0,1,1,0,0,0
18.283333333333335,1,0,0,0,1,1,0,0,0
18.291666666666668,1,0,0,0,1,1,0,0,0
18.3,1,0,0,0,1,1,0,0,0
18.308333333333334,1,0,0,0,1,1,0,0,0
18.316666666666666,1,0,0,0,1,1,0,0,0
18.325,1,0,0,0,1,1,0,0,0
18.333333333333332,1,0,0,0,1,1,0,0,0
18.341666666666665,1,0,0,0,1,1,0,0,0
18.35,1,0,0,0,1,1,0,0,0
18.358333333333334,1,0,0,0,1,1,0,0,0
18.366666666666667,1,0,0,0,1,1,0,0,0
18.375,1,0,0,0,1,1,0,0,0
18.383333333333333,1,0,0,0,1,1,0,0,0
18.391666666666666,1,0,0,0,1,1,0,0,0
18.4,1,0,0,0,1,1,0,0,0
18.408333333333335,1,0,0,0,1,1,0,0,0
18.416666666666668,1,0,0,0,1,1,0,0,0
18.425,1,0,0,0,1,1,0,0,0
18.433333333333334,1,0,1,0,1,1,0,0,0
18.441666666666666,1,0,1,0,1,1,0,0,0
18.45,1,0,1,0,1,1,0,0,0
18.458333333333332,1,0,1,0,1,1,0,0,0
18.466666666666665,1,0,1,0,1,1,0,0,0
18.475,1,0,1,0,1,1,0,0,0
18.483333333333334,1,0,1,0,1,1,0,0,0
18.491666666666667,1,0,1,0,1,1,0,0,0
18.5,1,0,1,0,1,1,0,0,0
18.508333333333333,1,0,1,0,1,1,0,0,0
18.516666666666666,1,0,1,0,1,1,0,0,0
18.525,1,0,1,0,1,1,0,0,0
18.533333333333335,1,0,1,0,1,1,0,0,0
18.541666666666668,1,0,1,0,1,1,0,0,0
18.55,1,0,1,0,1,1,0,0,0
18.558333333333334,1,0,1,0,1,1,0,0,0
18.566666666666666,1,0,1,0,1,1,0,0,0
18.575,1,0,1,0,1,1,0,0,0
18.583333333333332,1,0,1,0,1,1,0,0,0
18.591666666666665,1,0,1,0,1,1,0,0,0
18.6,1,0,1,0,1,1,0,0,0
18.608333333333334,1,0,1,0,1,1,0,0,0
18.616666666666667,1,0,1,0,1,1,0,0,0
18.625,1,0,1,0,1,1,0,0,0
18.633333333333333,1,0,1,0,1,1,0,0,0
18.641666666666666,1,0,1,0,1,1,0,0,0
18.65,1,0,1,0,1,1,0,0,0
18.658333333333335,1,0,1,0,1,1,0,0,0
18.666666666666668,1,0,1,0,1,1,0,0,0
18.675,1,0,1,0,1,1,0,0,0
18.683333333333334,1,0,1,0,1,1,0,0,0
18.691666666666666,1,0,1,0,1,1,0,0,0
18.7,1,0,1,0,1,1,0,0,0
18.708333333333332,1,0,1,0,1,1,0,0,0
18.716666666666665,1,0,0,0,1,1,0,0,0
18.725,1,0,0,0,0,1,0,0,0
18.733333333333334,1,0,0,0,1,1,0,0,0
18.741666666666667,1,0,0,0,1,1,0,0,0
18.75,1,0,0,0,1,1,0,0,0
18.758333333333333,1,0,0,0,1,1,0,0,0
18.766666666666666,1,0,0,0,1,1,0,0,0
18.775,1,0,0,0,1,1,0,0,0
18.783333333333335,1,0,0,0,1,1,0,0,0
18.791666666666668,1,0,0,0,1,1,0,0,0
18.8,1,0,0,0,1,1,0,0,0
18.808333333333334,1,0,0,0,1,1,0,0,0
18.816666666666666,1,0,0,0,1,1,0,0,0
18.825,1,0,0,0,1,1,0,0,0
18.833333333333332,1,0,0,0,1,1,0,0,0
18.841666666666665,1,0,0,0,1,1,0,0,0
18.85,1,0,0,0,1,1,0,0,0
18.858333333333334,1,0,0,0,1,1,0,0,0
18.866666666666667,1,0,0,0,1,1,0,0,0
18.875,1,0,0,0,1,1,0,0,0
18.883333333333333,1,0,0,0,1,1,0,0,0
18.891666666666666,1,0,0,0,1,1,0,0,0
18.9,1,0,0,0,1,1,0,0,0
18.908333333333335,1,0,0,0,1,1,0,0,0
18.916666666666668,1,0,0,0,1,1,0,0,0
18.925,1,0,0,0,1,1,0,0,0
18.933333333333334,1,0,0,0,1,1,0,0,0
18.941666666666666,1,0,0,0,1,1,0,0,0
18.95,1,0,0,0,1,1,0,0,0
18.958333333333332,1,0,0,0,1,1,0,0,0
18.966666666666665,1,0,0,0,1,1,0,0,0
18.975,1,0,0,0,0,1,0,0,0
18.983333333333334,1,0,0,0,1,1,0,0,0
18.991666666666667,1,0,0,0,1,1,0,0,0
19.0,1,0,0,0,1,1,0,0,0
19.008333333333333,1,0,0,0,1,1,0,0,0
19.016666666666666,1,0,0,0,1,1,0,0,0
19.025,1,0,0,0,1,1,0,0,0
19.033333333333335,1,0,0,0,1,1,0,0,0
19.041666666666668,1,0,0,0,1,1,0,0,0
19.05,1,0,0,0,1,1,0,0,0
19.058333333333334,1,0,0,0,0,1,0,0,0
19.066666666666666,1,0,0,0,1,1,0,0,0
19.075,1,0,0,0,1,1,0,0,0
19.083333333333332,1,0,0,0,1,1,0,0,0
19.091666666666665,1,0,0,0,1,1,0,0,0
19.1,1,0,0,0,1,1,0,0,0
19.108333333333334,1,0,0,0,1,1,0,0,0
19.116666666666667,1,0,0,0,0,1,0,0,0
19.125,1,0,0,0,1,1,0,0,0
19.133333333333333,1,0,0,0,1,1,0,0,0
19.141666666666666,1,0,0,0,1,1,0,0,0
19.15,1,0,0,0,1,1,0,0,0
19.158333333333335,1,0,0,0,1,1,0,0,0
19.166666666666668,1,0,0,0,1,1,0,0,0
19.175,1,0,0,0,1,1,0,0,0
19.183333333333334,1,0,0,0,0,1,0,0,0
19.191666666666666,1,0,0,0,1,1,0,0,0
19.2,1,0,0,0,1,1,0,0,0
19.208333333333332,1,0,0,0,1,1,0,0,0
19.216666666666665,1,0,0,0,1,1,0,0,0
19.225,1,0,0,0,1,1,0,0,0
19.233333333333334,1,0,0,0,1,1,0,0,0
19.241666666666667,1,0,0,0,1,1,0,0,0
19.25,1,0,0,0,0,1,0,0,0
19.258333333333333,1,0,0,0,1,1,0,0,0
19.266666666666666,1,0,0,0,0,1,0,0,0
19.275,1,0,0,0,1,1,0,0,0
19.283333333333335,1,0,0,0,1,1,0,0,0
19.291666666666668,1,0,0,0,1,1,0,0,0
19.3,1,0,0,0,1,1,0,0,0
19.308333333333334,1,0,0,0,1,1,0,0,0
19.316666666666666,1,0,0,0,1,1,0,0,0
19.325,1,0,0,0,1,1,0,0,0
19.333333333333332,1,0,0,0,1,1,0,0,0
19.341666666666665,1,0,0,0,1,1,0,0,0
19.35,1,0,0,0,1,1,0,0,0
19.358333333333334,1,0,0,0,1,1,0,0,0
19.366666666666667,1,0,0,0,1,1,0,0,0
19.375,1,0,0,0,1,1,0,0,0
19.383333333333333,1,0,0,0,1,1,0,0,0
19.391666666666666,1,0,0,0,1,1,0,0,0
19.4,1,0,0,0,1,1,0,0,0
19.408333333333335,1,0,0,0,1,1,0,0,0
19.416666666666668,1,0,0,0,0,1,0,0,0
19.425,1,0,0,0,1,1,0,0,0
19.433333333333334,1,0,0,0,0,1,0,0,0
19.441666666666666,1,0,0,0,0,1,0,0,0
19.45,1,0,0,0,0,1,0,0,0
19.458333333333332,1,0,1,0,1,1,0,0,0
19.466666666666665,1,0,1,0,1,1,0,0,0
19.475,1,0,1,0,0,1,0,0,0
19.483333333333334,1,0,1,0,0,1,0,0,0
19.491666666666667,1,0,1,0,1,1,0,0,0
19.5,1,0,1,0,0,1,0,0,0
19.508333333333333,1,0,1,0,1,1,0,0,0
19.516666666666666,1,0,1,0,1,1,0,0,0
19.525,1,0,1,0,1,1,0,0,0
19.533333333333335,1,0,1,0,0,1,0,0,0
19.541666666666668,1,0,1,0,1,1,0,0,0
19.55,1,0,1,0,0,1,0,0,0
19.558333333333334,1,0,1,0,0,1,0,0,0
19.566666666666666,1,0,1,0,1,1,0,0,0
19.575,1,0,1,0,1,1,0,0,0
19.583333333333332,1,0,1,0,1,1,0,0,0
19.591666666666665,1,0,1,0,0,1,0,0,0
19.6,1,0,1,0,0,1,0,0,0
19.608333333333334,1,0,1,0,1,1,0,0,0
19.616666666666667,1,0,0,0,0,1,0,0,0
19.625,1,0,0,0,0,1,0,0,0
19.633333333333333,1,0,0,0,0,1,0,0,0
19.641666666666666,1,0,0,0,0,1,0,0,0
19.65,1,0,0,0,0,1,0,0,0
19.658333333333335,1,0,0,0,1,1,0,0,0
19.666666666666668,1,0,0,0,1,1,0,0,0
19.675,1,0,0,0,0,1,0,0,0
19.683333333333334,1,0,0,0,0,1,0,0,0
19.691666666666666,1,0,0,0,1,1,0,0,0
19.7,1,0,0,0,1,1,0,0,0
19.708333333333332,1,0,0,0,1,1,0,0,0
19.716666666666665,1,0,0,0,0,1,0,0,0
19.725,1,0,0,0,0,1,0,0,0
19.733333333333334,1,0,0,0,0,1,0,0,0
19.741666666666667,1,0,0,0,0,1,0,0,0
19.75,1,0,0,0,0,1,0,0,0
19.758333333333333,1,0,0,0,0,1,0,0,0
19.766666666666666,1,0,0,0,0,1,0,0,0
19.775,1,0,0,0,0,1,0,0,0
19.783333333333335,1,0,0,0,0,1,0,0,0
19.791666666666668,1,0,0,0,0,1,0,0,0
19.8,1,0,0,0,0,1,0,0,0
19.808333333333334,1,0,0,0,1,1,0,0,0
19.816666666666666,1,0,0,0,0,1,0,0,0
19.825,1,0,0,0,1,1,0,0,0
19.833333333333332,1,0,0,0,0,1,0,0,0
19.841666666666665,1,0,0,0,0,1,0,0,0
19.85,1,0,0,0,0,1,0,0,0
19.858333333333334,1,0,0,0,0,1,0,0,0
19.866666666666667,1,0,0,0,0,1,0,0,0
19.875,1,0,0,0,0,1,0,0,0
19.883333333333333,1,0,0,0,0,1,0,0,0
19.891666666666666,1,0,0,0,0,1,0,0,0
19.9,1,0,0,0,0,1,0,0,0
19.908333333333335,1,0,0,0,0,1,0,0,0
19.916666666666668,1,0,0,0,0,1,0,0,0
19.925,1,0,0,0,0,1,0,0,0
19.933333333333334,1,0,0,0,0,1,0,0,0
19.941666666666666,1,0,0,0,0,1,0,0,0
19.95,1,0,0,0,1,1,0,0,0
19.958333333333332,1,0,0,0,0,1,0,0,0
19.966666666666665,1,0,0,0,1,1,0,0,0
19.975,1,0,0,0,0,1,0,0,0
19.983333333333334,1,0,0,0,0,1,0,0,0
19.991666666666667,1,0,0,0,0,1,0,0,0
20.0,1,0,0,0,0,1,0,0,0
20.008333333333333,1,0,0,0,0,1,0,0,0
20.016666666666666,1,0,0,0,1,1,0,0,0
20.025,1,0,0,0,1,1,0,0,0
20.033333333333335,1,0,0,0,0,1,0,0,0
20.041666666666668,1,0,0,0,1,1,0,0,0
20.05,1,0,0,0,0,1,0,0,0
20.058333333333334,1,0,0,0,1,1,0,0,0
20.066666666666666,1,0,0,0,1,1,0,0,0
20.075,1,0,0,0,1,1,0,0,0
20.083333333333332,1,0,0,0,0,1,0,0,0
20.091666666666665,1,0,0,0,1,1,0,0,0
20.1,1,0,0,0,1,1,0,0,0
20.108333333333334,1,0,0,0,0,1,0,0,0
20.116666666666667,1,0,0,0,0,1,0,0,0
20.125,1,0,0,0,0,1,0,0,0
20.133333333333333,1,0,0,0,0,1,0,0,0
20.141666666666666,1,0,0,0,0,1,0,0,0
20.15,1,0,0,0,0,1,0,0,0
20.158333333333335,1,0,0,0,0,1,0,0,0
20.166666666666668,1,0,0,0,0,1,0,0,0
20.175,1,0,0,0,0,1,0,0,0
20.183333333333334,1,0,0,0,0,1,0,0,0
20.191666666666666,1,0,0,0,0,1,0,0,0
20.2,1,0,0,0,0,1,0,0,0
20.208333333333332,1,0,0,0,0,1,0,0,0
20.216666666666665,1,0,0,0,0,1,0,0,0
20.225,1,0,0,0,0,1,0,0,0
20.233333333333334,1,0,0,0,1,1,0,0,0
20.241666666666667,1,0,0,0,0,1,0,0,0
20.25,1,0,0,0,0,1,0,0,0
20.258333333333333,1,0,0,0,0,1,0,0,0
20.266666666666666,1,0,0,0,0,1,0,0,0
20.275,1,0,0,0,0,1,0,0,0
20.283333333333335,1,0,0,0,0,1,0,0,0
20.291666666666668,1,0,0,0,0,1,0,0,0
20.3,1,0,0,0,0,1,0,0,0
20.308333333333334,1,0,0,0,0,1,0,0,0
20.316666666666666,1,0,0,0,0,1,0,0,0
20.325,1,0,0,0,0,1,0,0,0
20.333333333333332,1,0,0,0,0,1,0,0,0
20.341666666666665,1,0,0,0,0,1,0,0,0
20.35,1,0,1,0,0,1,0,0,0
20.358333333333334,1,0,1,0,0,1,0,0,0
20.366666666666667,1,0,1,0,0,1,0,0,0
20.375,1,0,1,0,0,1,0,0,0
20.383333333333333,1,0,1,0,0,1,0,0,0
20.391666666666666,1,0,1,0,0,1,0,0,0
20.4,1,0,1,0,0,1,0,0,0
20.408333333333335,1,0,1,0,0,1,0,0,0
20.416666666666668,1,0,1,0,0,1,0,0,0
20.425,1,0,1,0,0,1,0,0,0
20.433333333333334,1,0,1,0,0,1,0,0,0
20.441666666666666,1,0,1,0,0,1,0,0,0
20.45,1,0,1,0,0,1,0,0,0
20.458333333333332,1,0,1,0,0,1,0,0,0
20.466666666666665,1,0,1,0,0,1,0,0,0
20.475,1,0,1,0,1,1,0,0,0
20.483333333333334,1,0,1,0,0,1,0,0,0
20.491666666666667,1,0,1,0,0,1,0,0,0
20.5,1,0,1,0,0,1,0,0,0
20.508333333333333,1,0,1,0,0,1,0,0,0
20.516666666666666,1,0,1,0,0,1,0,0,0
20.525,1,0,1,0,0,1,0,0,0
20.533333333333335,1,0,1,0,0,1,0,0,0
20.541666666666668,1,0,1,0,0,1,0,0,0
20.55,1,0,0,0,0,1,0,0,0
20.558333333333334,1,0,0,0,0,1,0,0,0
20.566666666666666,1,0,0,0,0,1,0,0,0
20.575,1,0,0,0,0,1,0,0,0
20.583333333333332,1,0,0,0,0,1,0,0,0
20.591666666666665,1,0,0,0,0,1,0,0,0
20.6,1,0,0,0,0,1,0,0,0
20.608333333333334,1,0,0,0,0,1,0,0,0
20.616666666666667,1,0,0,0,0,1,0,0,0
20.625,1,0,0,0,0,1,0,0,0
20.633333333333333,1,0,0,0,0,1,0,0,0
20.641666666666666,1,0,0,0,0,1,0,0,0
20.65,1,0,0,0,0,1,0,0,0
20.658333333333335,1,0,0,0,0,1,0,0,0
20.666666666666668,1,0,0,0,0,1,0,0,0
20.675,1,0,0,0,0,1,0,0,0
20.683333333333334,1,0,0,0,0,1,0,0,0
20.691666666666666,1,0,0,0,0,1,0,0,0
20.7,1,0,0,0,0,1,0,0,0
20.708333333333332,1,0,0,0,0,1,0,0,0
20.716666666666665,1,0,0,0,0,1,0,0,0
20.725,1,0,0,0,0,1,0,0,0
20.733333333333334,1,0,0,0,0,1,0,0,0
20.741666666666667,1,0,0,0,0,1,0,0,0
20.75,1,0,0,0,0,1,0,0,0
20.758333333333333,1,0,0,0,0,1,0,0,0
20.766666666666666,1,0,0,0,0,1,0,0,0
20.775,1,0,0,0,0,1,0,0,0
20.783333333333335,1,0,0,0,0,1,0,0,0
20.791666666666668,1,0,0,0,0,1,0,0,0
20.8,1,0,0,0,0,1,0,0,0
20.808333333333334,1,0,0,0,0,1,0,0,0
20.816666666666666,1,0,0,0,0,1,0,0,0
20.825,1,0,0,0,0,1,0,0,0
20.833333333333332,1,0,0,0,0,1,0,0,0
20.841666666666665,1,0,0,0,0,1,0,0,0
20.85,1,0,0,0,0,1,0,0,0
20.858333333333334,1,0,0,0,0,1,0,0,0
20.866666666666667,1,0,0,0,0,1,0,0,0
20.875,1,0,0,0,0,1,0,0,0
20.883333333333333,1,0,0,0,0,1,0,0,0
20.891666666666666,1,0,0,0,0,1,0,0,0
20.9,1,0,0,0,0,1,0,0,0
20.908333333333335,1,0,0,0,0,1,0,0,0
20.916666666666668,1,0,0,0,0,1,0,0,0
20.925,1,0,0,0,0,1,0,0,0
20.933333333333334,1,0,0,0,0,1,0,0,0
20.941666666666666,1,0,0,0,0,1,0,0,0
20.95,1,0,0,0,0,1,0,0,0
20.958333333333332,1,0,0,0,0,1,0,0,0
20.966666666666665,1,0,0,0,0,1,0,0,0
20.975,1,0,0,0,0,1,0,0,0
20.983333333333334,1,0,0,0,0,1,0,0,0
20.991666666666667,1,0,0,0,0,1,0,0,0
21.0,1,0,0,0,0,1,0,0,0
21.008333333333333,1,0,0,0,0,1,0,0,0
21.016666666666666,1,0,0,0,0,1,0,0,0
21.025,1,0,0,0,0,1,0,0,0
21.033333333333335,1,0,0,0,0,1,0,0,0
21.041666666666668,1,0,0,0,0,1,0,0,0
21.05,1,0,0,0,0,0,0,0,0
21.058333333333334,1,0,0,0,0,0,0,0,0
21.066666666666666,1,0,0,0,0,0,0,0,0
21.075,1,0,0,0,0,0,0,0,0
21.083333333333332,1,0,0,0,0,0,0,0,0
21.091666666666665,1,0,0,0,0,0,0,0,0
21.1,1,0,0,0,0,0,0,0,0
21.108333333333334,1,0,0,0,0,0,0,0,0
21.116666666666667,1,0,1,0,0,0,0,0,0
21.125,1,0,1,0,0,0,0,0,0
21.133333333333333,1,0,1,0,0,0,0,0,0
21.141666666666666,1,0,1,0,0,0,0,0,0
21.15,1,0,1,0,0,0,0,0,0
21.158333333333335,1,0,1,0,0,0,0,0,0
21.166666666666668,1,0,1,0,0,0,0,0,0
21.175,1,0,1,0,0,0,0,0,0
21.183333333333334,1,0,1,0,0,0,0,0,0
21.191666666666666,1,0,1,0,0,0,0,0,0
21.2,1,0,1,0,0,0,0,0,0
21.208333333333332,1,0,1,0,0,0,0,0,0
21.216666666666665,1,0,1,0,0,0,0,0,0
21.225,1,0,1,0,0,0,0,0,0
21.233333333333334,1,0,1,0,0,0,0,0,0
21.241666666666667,1,0,1,0,0,0,0,0,0
21.25,1,0,1,0,0,0,0,0,0
21.258333333333333,1,0,1,0,0,0,0,0,0
21.266666666666666,1,0,1,0,0,0,0,0,0
21.275,1,0,1,0,0,0,0,0,0
21.283333333333335,1,0,1,0,0,0,0,0,0
21.291666666666668,1,0,1,0,0,0,0,0,0
21.3,1,0,1,0,0,0,0,0,0
21.308333333333334,1,0,1,0,0,0,0,0,0
21.316666666666666,1,0,1,0,0,0,0,0,0
21.325,1,0,0,0,0,0,0,0,0
21.333333333333332,1,0,0,0,0,0,0,0,0
21.341666666666665,1,0,0,0,0,0,0,0,0
21.35,1,0,0,0,0,0,0,0,0
21.358333333333334,1,0,0,0,0,0,0,0,0
21.366666666666667,1,0,0,0,0,0,0,0,0
21.375,1,0,0,0,0,0,0,0,0
21.383333333333333,1,0,0,0,0,0,0,0,0
21.391666666666666,1,0,0,0,0,0,0,0,0
21.4,1,0,0,0,0,0,0,0,0
21.408333333333335,1,0,0,0,0,0,0,0,0
21.416666666666668,1,0,0,0,0,0,0,0,0
21.425,1,0,0,0,0,0,0,0,0
21.433333333333334,1,0,0,0,0,0,0,0,0
21.441666666666666,1,0,0,0,0,0,0,0,0
21.45,1,0,0,0,0,0,0,0,0
21.458333333333332,1,0,0,0,0,0,0,0,0
21.466666666666665,1,0,0,0,0,0,0,0,0
21.475,1,0,0,0,0,0,0,0,0
21.483333333333334,1,0,0,0,0,0,0,0,0
21.491666666666667,1,0,0,0,0,0,0,0,0
21.5,1,0,0,0,0,0,0,0,0
21.508333333333333,1,0,0,0,0,0,0,0,0
21.516666666666666,1,0,0,0,0,0,0,0,0
21.525,1,0,0,0,0,0,0,0,0
21.533333333333335,1,0,0,0,0,0,0,0,0
21.541666666666668,1,0,0,0,0,0,0,0,0
21.55,1,0,0,0,0,0,0,0,0
21.558333333333334,1,0,0,0,0,0,0,0,0
21.566666666666666,1,0,0,0,0,0,0,0,0
21.575,1,0,0,0,0,0,0,0,0
21.583333333333332,1,0,0,0,0,0,0,0,0
21.591666666666665,1,0,0,0,0,0,0,0,0
21.6,1,0,0,0,0,0,0,0,0
21.608333333333334,1,0,0,0,0,0,0,0,0
21.616666666666667,1,0,0,0,0,0,0,0,0
21.625,1,0,0,0,0,0,0,0,0
21.633333333333333,1,0,0,0,0,0,0,0,0
21.641666666666666,1,0,0,0,0,0,0,0,0
21.65,1,0,0,0,0,0,0,0,0
21.658333333333335,1,0,0,0,0,0,0,0,0
21.666666666666668,1,0,0,0,0,0,0,0,0
21.675,1,0,0,0,0,0,0,0,0
21.683333333333334,1,0,0,0,0,0,0,0,0
21.691666666666666,1,0,0,0,0,0,0,0,0
21.7,1,0,0,0,0,0,0,0,0
21.708333333333332,1,0,0,0,0,0,0,0,0
21.716666666666665,1,0,0,0,0,0,0,0,0
21.725,1,0,0,0,0,0,0,0,0
21.733333333333334,1,0,0,0,0,0,0,0,0
21.741666666666667,1,0,0,0,0,0,0,0,0
21.75,1,0,0,0,0,0,0,0,0
21.758333333333333,1,0,0,0,0,0,0,0,0
21.766666666666666,1,0,0,0,0,0,0,0,0
21.775,1,0,0,0,0,0,0,0,0
21.783333333333335,1,0,0,0,0,0,0,0,0
21.791666666666668,1,0,0,0,0,0,0,0,0
21.8,1,0,0,0,0,0,0,0,0
21.808333333333334,1,0,0,0,0,0,0,0,0
21.816666666666666,1,0,0,0,0,0,0,0,0
21.825,1,0,0,0,0,0,0,0,0
21.833333333333332,1,0,0,0,0,0,0,0,0
21.841666666666665,1,0,0,0,0,0,0,0,0
21.85,1,0,0,0,0,0,0,0,0
21.858333333333334,1,0,0,0,0,0,0,0,0
21.866666666666667,1,0,0,0,0,0,0,0,0
21.875,1,0,0,0,0,0,0,0,0
21.883333333333333,1,0,0,0,0,0,0,0,0
21.891666666666666,1,0,0,0,0,0,0,0,0
21.9,1,0,0,0,0,0,0,0,0
21.908333333333335,1,0,0,0,0,0,0,0,0
21.916666666666668,1,0,0,0,0,0,0,0,0
21.925,1,0,1,0,0,0,0,0,0
21.933333333333334,1,0,1,0,0,0,0,0,0
21.941666666666666,1,0,1,0,0,0,0,0,0
21.95,1,0,1,0,0,0,0,0,0
21.958333333333332,1,0,1,0,0,0,0,0,0
21.966666666666665,1,0,1,0,0,0,0,0,0
21.975,1,0,1,0,0,0,0,0,0
21.983333333333334,1,0,1,0,0,0,0,0,0
21.991666666666667,1,0,1,0,0,0,0,0,0
22.0,1,0,1,0,0,0,0,0,0
22.008333333333333,1,0,1,0,0,0,0,0,0
22.016666666666666,1,0,1,0,0,0,0,0,0
22.025,1,0,1,0,0,0,0,0,0
22.033333333333335,1,0,1,0,0,0,0,0,0
22.041666666666668,1,0,1,0,0,0,0,0,0
22.05,1,0,1,0,0,0,0,0,0
22.058333333333334,1,0,1,0,0,0,0,0,0
22.066666666666666,1,0,1,0,0,0,0,0,0
22.075,1,0,1,0,0,0,0,0,0
22.083333333333332,1,0,1,0,0,0,0,0,0
22.091666666666665,1,0,1,0,0,0,0,0,0
22.1,1,0,0,0,0,0,0,0,0
22.108333333333334,1,0,0,0,0,0,0,0,0
22.116666666666667,1,0,0,0,0,0,0,0,0
22.125,1,0,0,0,0,0,0,0,0
22.133333333333333,1,0,0,0,0,0,0,0,0
22.141666666666666,1,0,0,0,0,0,0,0,0
22.15,1,0,0,0,0,0,0,0,0
22.158333333333335,1,0,0,0,0,0,0,0,0
22.166666666666668,1,0,0,0,0,0,0,0,0
22.175,1,0,0,0,0,0,0,0,0
22.183333333333334,1,0,0,0,0,0,0,0,0
22.191666666666666,1,0,0,0,0,0,0,0,0
22.2,1,0,0,0,0,0,0,0,0
22.208333333333332,1,0,0,0,0,0,0,0,0
22.216666666666665,1,0,0,0,0,0,0,0,0
22.225,1,0,0,0,0,0,0,0,0
22.233333333333334,1,0,0,0,0,0,0,0,0
22.241666666666667,1,0,0,0,0,0,0,0,0
22.25,1,0,0,0,0,0,0,0,0
22.258333333333333,1,0,0,0,0,0,0,0,0
22.266666666666666,1,0,0,0,0,0,0,0,0
22.275,1,0,0,0,0,0,0,0,0
22.283333333333335,1,0,0,0,0,0,0,0,0
22.291666666666668,1,0,0,0,0,0,0,0,0
22.3,1,0,0,0,0,0,0,0,0
22.308333333333334,1,0,0,0,0,0,0,0,0
22.316666666666666,1,0,0,0,0,0,0,0,0
22.325,1,0,0,0,0,0,0,0,0
22.333333333333332,1,0,0,0,0,0,0,0,0
22.341666666666665,1,0,1,0,0,0,0,0,0
22.35,1,0,1,0,0,0,0,0,0
22.358333333333334,1,0,1,0,0,0,0,0,0
22.366666666666667,1,0,1,0,0,0,0,0,0
22.375,1,0,1,0,0,0,0,0,0
22.383333333333333,1,0,1,0,0,0,0,0,0
22.391666666666666,1,0,1,0,0,0,0,0,0
22.4,1,0,1,0,0,0,0,0,0
22.408333333333335,1,0,1,0,0,0,0,0,0
22.416666666666668,1,0,1,0,0,0,0,0,0
22.425,1,0,1,0,0,0,0,0,0
22.433333333333334,1,0,1,0,0,0,0,0,0
22.441666666666666,1,0,1,0,0,0,0,0,0
22.45,1,0,1,0,0,0,0,0,0
22.458333333333332,1,0,1,0,0,0,0,0,0
22.466666666666665,1,0,1,0,0,0,0,0,0
22.475,1,0,1,0,0,0,0,0,0
22.483333333333334,1,0,1,0,0,0,0,0,0
22.491666666666667,1,0,1,0,0,0,0,0,0
22.5,1,0,1,0,0,0,0,0,0
22.508333333333333,1,0,1,0,0,0,0,0,0
22.516666666666666,1,0,1,0,0,0,0,0,0
22.525,1,0,1,0,0,0,0,0,0
22.533333333333335,1,0,1,0,0,0,0,0,0
22.541666666666668,1,0,1,0,0,0,0,0,0
22.55,1,0,1,0,0,0,0,0,0
22.558333333333334,1,0,1,0,0,0,0,0,0
22.566666666666666,1,0,1,0,0,0,0,0,0
22.575,1,0,1,0,0,0,0,0,0
22.583333333333332,1,0,1,0,0,0,0,0,0
22.591666666666665,1,0,1,0,0,0,0,0,0
22.6,1,0,1,0,0,0,0,0,0
22.608333333333334,1,0,1,0,0,0,0,0,0
22.616666666666667,1,0,1,0,0,0,0,0,0
22.625,1,0,1,0,0,0,0,0,0
22.633333333333333,1,0,1,0,0,0,0,0,0
22.641666666666666,1,0,1,0,0,0,0,0,0
22.65,1,0,1,0,0,0,0,0,0
22.658333333333335,1,0,1,0,0,0,0,0,0
22.666666666666668,1,0,1,0,0,0,0,0,0
22.675,1,0,1,0,0,0,0,0,0
22.683333333333334,1,0,0,0,0,0,0,0,0
22.691666666666666,1,0,0,0,0,0,0,0,0
22.7,1,0,0,0,0,0,0,0,0
22.708333333333332,1,0,0,0,0,0,0,0,0
22.716666666666665,1,0,0,0,0,0,0,0,0
22.725,1,0,0,0,0,0,0,0,0
22.733333333333334,1,0,0,0,0,0,0,0,0
22.741666666666667,1,0,0,0,0,0,0,0,0
22.75,1,0,1,0,0,0,0,0,0
22.758333333333333,1,0,1,0,0,0,0,0,0
22.766666666666666,1,0,1,0,0,0,0,0,0
22.775,1,0,1,0,0,0,0,0,0
22.783333333333335,1,0,1,0,0,0,0,0,0
22.791666666666668,1,0,1,0,0,0,0,0,0
22.8,1,0,1,0,0,0,0,0,0
22.808333333333334,1,0,1,0,0,0,0,0,0
22.816666666666666,1,0,1,0,0,0,0,0,0
22.825,1,0,1,0,0,0,0,0,0
22.833333333333332,1,0,1,0,0,0,0,0,0
22.841666666666665,1,0,1,0,0,0,0,0,0
22.85,1,0,1,0,0,0,0,0,0
22.858333333333334,1,0,1,0,0,0,0,0,0
22.866666666666667,1,0,1,0,0,0,0,0,0
22.875,1,0,1,0,0,0,0,0,0
22.883333333333333,1,0,1,0,0,0,0,0,0
22.891666666666666,1,0,1,0,0,0,0,0,0
22.9,1,0,1,0,0,0,0,0,0
22.908333333333335,1,0,1,0,0,0,0,0,0
22.916666666666668,1,0,1,0,0,0,0,0,0
22.925,1,0,1,0,0,0,0,0,0
22.933333333333334,1,0,1,0,0,0,0,0,0
22.941666666666666,1,0,1,0,0,0,0,0,0
22.95,1,0,1,0,0,0,0,0,0
22.958333333333332,1,0,0,0,0,0,0,0,0
22.966666666666665,1,0,0,0,0,0,0,0,0
22.975,1,0,0,0,0,0,0,0,0
22.983333333333334,1,0,0,0,0,0,0,0,0
22.991666666666667,1,0,0,0,0,0,0,0,0
23.0,1,0,0,0,0,0,0,0,0
23.008333333333333,1,0,0,0,0,0,0,0,0
23.016666666666666,1,0,0,0,0,0,0,0,0
23.025,1,0,0,0,0,0,0,0,0
23.033333333333335,1,0,0,0,0,0,0,0,0
23.041666666666668,1,0,0,0,0,0,0,0,0
23.05,1,0,0,0,0,0,0,0,0
23.058333333333334,1,0,0,0,0,0,0,0,0
23.066666666666666,1,0,0,0,0,0,0,0,0
23.075,1,0,0,0,0,0,0,0,0
23.083333333333332,1,0,0,0,0,0,0,0,0
23.091666666666665,1,0,0,0,0,0,0,0,0
23.1,1,0,0,0,0,0,0,0,0
23.108333333333334,1,0,0,0,0,0,0,0,0
23.116666666666667,1,0,0,0,0,0,0,0,0
23.125,1,0,0,0,0,0,0,0,0
23.133333333333333,1,0,0,0,0,0,0,0,0
23.141666666666666,1,0,0,0,0,0,0,0,0
23.15,1,0,0,0,0,0,0,0,0
23.158333333333335,1,0,0,0,0,0,0,0,0
23.166666666666668,1,0,0,0,0,0,0,0,0
23.175,1,0,0,0,0,0,0,0,0
23.183333333333334,1,0,0,0,0,0,0,0,0
23.191666666666666,1,0,0,0,0,0,0,0,0
23.2,1,0,0,0,0,0,0,0,0
23.208333333333332,1,0,0,0,0,0,0,0,0
23.216666666666665,1,0,0,0,0,0,0,0,0
23.225,1,0,0,0,0,0,0,0,0
23.233333333333334,1,0,0,0,0,0,0,0,0
23.241666666666667,1,0,0,0,0,0,0,0,0
23.25,1,0,0,0,0,0,0,0,0
23.258333333333333,1,0,0,0,0,0,0,0,0
23.266666666666666,1,0,0,0,0,0,0,0,0
23.275,1,0,0,0,0,0,0,0,0
23.283333333333335,1,0,0,0,0,0,0,0,0
23.291666666666668,1,0,0,0,0,0,0,0,0
23.3,1,0,0,0,0,0,0,0,0
23.308333333333334,1,0,0,0,0,0,0,0,0
23.316666666666666,1,0,0,0,0,0,0,0,0
23.325,1,0,0,0,0,0,0,0,0
23.333333333333332,1,0,0,0,0,0,0,0,0
23.341666666666665,1,0,0,0,0,0,0,0,0
23.35,1,0,0,0,0,0,0,0,0
23.358333333333334,1,0,0,0,0,0,0,0,0
23.366666666666667,1,0,0,0,0,0,0,0,0
23.375,1,0,0,0,0,0,0,0,0
23.383333333333333,1,0,0,0,0,0,0,0,0
23.391666666666666,1,0,0,0,0,0,0,0,0
23.4,1,0,0,0,0,0,0,0,0
23.408333333333335,1,0,0,0,0,0,0,0,0
23.416666666666668,1,0,0,0,0,0,0,0,0
23.425,1,0,0,0,0,0,0,0,0
23.433333333333334,1,0,0,0,0,0,0,0,0
23.441666666666666,1,0,0,0,0,0,0,0,0
23.45,1,0,0,0,0,0,0,0,0
23.458333333333332,1,0,0,0,0,0,0,0,0
23.466666666666665,1,0,0,0,0,0,0,0,0
23.475,1,0,0,0,0,0,0,0,0
23.483333333333334,1,0,0,0,0,0,0,0,0
23.491666666666667,1,0,0,0,0,0,0,0,0
23.5,1,0,0,0,0,0,0,0,0
23.508333333333333,1,0,1,0,0,0,0,0,0
23.516666666666666,1,0,1,0,0,0,0,0,0
23.525,1,0,1,0,0,0,0,0,0
23.533333333333335,1,0,1,0,0,0,0,0,0
23.541666666666668,1,0,1,0,0,0,0,0,0
23.55,1,0,1,0,0,0,0,0,0
23.558333333333334,1,0,1,0,0,0,0,0,0
23.566666666666666,1,0,1,0,0,0,0,0,0
23.575,1,0,1,0,0,0,0,0,0
23.583333333333332,1,0,1,0,0,0,0,0,0
23.591666666666665,1,0,1,0,0,0,0,0,0
23.6,1,0,1,0,0,0,0,0,0
23.608333333333334,1,0,1,0,0,0,0,0,0
23.616666666666667,1,0,1,0,0,0,0,0,0
23.625,1,0,1,0,0,0,0,0,0
23.633333333333333,1,0,1,0,0,0,0,0,0
23.641666666666666,1,0,1,0,0,0,0,0,0
23.65,1,0,1,0,0,0,0,0,0
23.658333333333335,1,0,1,0,0,0,0,0,0
23.666666666666668,1,0,1,0,0,0,0,0,0
23.675,1,0,1,0,0,0,0,0,0
23.683333333333334,1,0,1,0,0,0,0,0,0
23.691666666666666,1,0,1,0,0,0,0,0,0
23.7,1,0,1,0,0,0,0,0,0
23.708333333333332,1,0,1,0,0,0,0,0,0
23.716666666666665,1,0,1,0,0,0,0,0,0
23.725,1,0,1,0,0,0,0,0,0
23.733333333333334,1,0,1,0,0,0,0,0,0
23.741666666666667,1,0,1,0,0,0,0,0,0
23.75,1,0,1,0,0,0,0,0,0
23.758333333333333,1,0,1,0,0,0,0,0,0
23.766666666666666,1,0,1,0,0,0,0,0,0
23.775,1,0,1,0,0,0,0,0,0
23.783333333333335,1,0,1,0,0,0,0,0,0
23.791666666666668,1,0,1,0,0,0,0,0,0
23.8,1,0,1,0,0,0,0,0,0
23.808333333333334,1,0,0,0,0,0,0,0,0
23.816666666666666,1,0,0,0,0,0,0,0,0
23.825,1,0,0,0,0,0,0,0,0
23.833333333333332,1,0,0,0,0,0,0,0,0
23.841666666666665,1,0,0,0,0,0,0,0,0
23.85,1,0,0,0,0,0,0,0,0
23.858333333333334,1,0,0,0,0,0,0,0,0
23.866666666666667,1,0,0,0,0,0,0,0,0
23.875,1,0,0,0,0,0,0,0,0
23.883333333333333,1,0,0,0,0,0,0,0,0
23.891666666666666,1,0,0,0,0,0,0,0,0
23.9,1,0,0,0,0,0,0,0,0
23.908333333333335,1,0,0,0,0,0,0,0,0
23.916666666666668,1,0,0,0,0,0,0,0,0
23.925,1,0,0,0,0,0,0,0,0
23.933333333333334,1,0,0,0,0,0,0,0,0
23.941666666666666,1,0,0,0,0,0,0,0,0
23.95,1,0,0,0,0,0,0,0,0
23.958333333333332,1,0,0,0,0,0,0,0,0
23.966666666666665,1,0,0,0,0,0,0,0,0
23.975,1,0,0,0,0,0,0,0,0
23.983333333333334,1,0,0,0,0,0,0,0,0
23.991666666666667,1,0,0,0,0,0,0,0,0
