timestamp_iso;device_name;run_id;sample_interval_ms;u_l1_n_v;i_l1_a;p_total_w;s_total_va;s_calc_va;q_total_var;pf_total;frequency_hz;thd_u_l1_percent;thd_i_l1_percent;block_time_difference_ms
2026-05-19T12:47:05.692Z;Foen Stufe 1;foen_stufe1_001;200;237.6922149658203;0.006634080782532692;0.0725131705403328;1.5768693685531616;1.576869355462378;-1.56257963180542;0.04598552733659744;49.996498107910156;1.8125613927841187;13.053415298461914;6
2026-05-19T12:47:05.887Z;Foen Stufe 1;foen_stufe1_001;200;237.6342010498047;0.006659700069576502;0.0723491907119751;1.5825724601745605;1.5825725052651407;-1.5678528547286987;0.04571619629859924;49.996498107910156;1.7490618228912354;13.218522071838379;5
2026-05-19T12:47:06.089Z;Foen Stufe 1;foen_stufe1_001;200;237.3890380859375;0.006655498873442411;0.0731082558631897;1.5799424648284912;1.5799424755485347;-1.565564751625061;0.04627273231744766;49.996498107910156;1.7290220260620117;12.914463996887207;7
2026-05-19T12:47:06.290Z;Foen Stufe 1;foen_stufe1_001;200;237.11572265625;0.006653719116002321;0.061796750873327255;1.577701449394226;1.5777014165425953;-1.5624644756317139;0.03916884958744049;49.996498107910156;1.7459641695022583;13.827478408813477;5
2026-05-19T12:47:06.490Z;Foen Stufe 1;foen_stufe1_001;200;236.80133056640625;0.006641076412051916;0.0691101923584938;1.5726157426834106;1.572615730767069;-1.5592764616012573;0.04394601285457611;49.996498107910156;1.7398096323013306;12.698488235473633;6
2026-05-19T12:47:06.693Z;Foen Stufe 1;foen_stufe1_001;200;236.85336303710938;0.006673411466181278;0.07176655530929565;1.5806199312210083;1.5806199486954426;-1.566380500793457;0.04540405422449112;49.996498107910156;1.7429914474487305;13.113061904907227;6
2026-05-19T12:47:06.893Z;Foen Stufe 1;foen_stufe1_001;200;236.89181518554688;0.006652429699897766;0.07214096188545227;1.5759061574935913;1.5759061470030247;-1.5615228414535522;0.045777447521686554;49.996498107910156;1.7509245872497559;13.082114219665527;5
2026-05-19T12:47:07.095Z;Foen Stufe 1;foen_stufe1_001;200;236.80531311035156;0.006609612610191107;0.07507074624300003;1.565191388130188;1.5651913836944331;-1.5515756607055664;0.04796266183257103;49.996498107910156;1.7327804565429688;12.454671859741211;6
2026-05-19T12:47:07.296Z;Foen Stufe 1;foen_stufe1_001;200;236.97665405273438;0.006638880353420973;0.07107256352901459;1.573259711265564;1.5732596528101368;-1.5594383478164673;0.045175354927778244;49.996498107910156;1.742552399635315;12.67548656463623;6
2026-05-19T12:47:07.499Z;Foen Stufe 1;foen_stufe1_001;200;237.23602294921875;0.006650732364505529;0.07683137059211731;1.5777932405471802;1.5777932958549457;-1.5648895502090454;0.04869546368718147;49.996498107910156;1.7283697128295898;11.924442291259766;6
2026-05-19T12:47:07.701Z;Foen Stufe 1;foen_stufe1_001;200;237.5897216796875;0.006667270325124264;0.07197728008031845;1.584074854850769;1.5840749009095134;-1.5704615116119385;0.04543805494904518;49.996498107910156;1.7164522409439087;12.500638008117676;6
2026-05-19T12:47:07.901Z;Foen Stufe 1;foen_stufe1_001;200;237.88038635253906;0.0066511663608253;0.0724000558257103;1.5821820497512817;1.5821820236081336;-1.567590594291687;0.04575962573289871;49.996498107910156;1.7422235012054443;13.125282287597656;6
2026-05-19T12:47:08.105Z;Foen Stufe 1;foen_stufe1_001;200;237.833251953125;0.006709451787173748;0.06742233783006668;1.5957307815551758;1.5957307373662388;-1.580947756767273;0.042251698672771454;49.996498107910156;1.7464054822921753;13.402793884277344;5
2026-05-19T12:47:08.305Z;Foen Stufe 1;foen_stufe1_001;200;237.85333251953125;0.006680045742541552;0.05700068920850754;1.5888711214065552;1.5888711412464147;-1.5744298696517944;0.03587495908141136;49.996498107910156;1.754725694656372;13.32559871673584;6
2026-05-19T12:47:08.507Z;Foen Stufe 1;foen_stufe1_001;200;237.85293579101562;0.006669096183031797;0.07338124513626099;1.5862641334533691;1.5862641062067695;-1.5714428424835205;0.046260420233011246;49.996498107910156;1.747237205505371;12.821297645568848;4
2026-05-19T12:47:08.707Z;Foen Stufe 1;foen_stufe1_001;200;237.80381774902344;0.006652467418462038;0.07076451927423477;1.581982135772705;1.581982149561263;-1.5671170949935913;0.04473155364394188;49.996498107910156;1.752991795539856;13.141737937927246;5
2026-05-19T12:47:08.908Z;Foen Stufe 1;foen_stufe1_001;200;237.71102905273438;0.006671408656984568;0.07766974717378616;1.5858674049377441;1.5858674170831222;-1.571176290512085;0.048976194113492966;49.996498107910156;1.781357765197754;12.824675559997559;5
2026-05-19T12:47:09.109Z;Foen Stufe 1;foen_stufe1_001;200;237.6426239013672;0.0066650607623159885;0.0807771310210228;1.5839024782180786;1.5839025280188181;-1.5685099363327026;0.05099880322813988;49.996498107910156;1.781293511390686;12.616825103759766;4
2026-05-19T12:47:09.310Z;Foen Stufe 1;foen_stufe1_001;200;237.6302032470703;0.006644963752478361;0.06685172021389008;1.5790441036224365;1.579044087070848;-1.5644843578338623;0.042336829006671906;49.996498107910156;1.7739756107330322;13.27960205078125;4
2026-05-19T12:47:09.511Z;Foen Stufe 1;foen_stufe1_001;200;237.5739288330078;0.006660917773842812;0.07830754667520523;1.5824604034423828;1.582460405165449;-1.5685620307922363;0.04948468133807182;49.996498107910156;1.7882421016693115;12.552383422851562;5
2026-05-19T12:47:09.713Z;Foen Stufe 1;foen_stufe1_001;200;237.6572265625;0.006660707760602236;0.08016031235456467;1.58296537399292;1.5829653333280476;-1.5688862800598145;0.05063933506608009;49.996498107910156;1.7521196603775024;12.74073600769043;4
2026-05-19T12:47:09.915Z;Foen Stufe 1;foen_stufe1_001;200;237.649169921875;0.00665203295648098;0.06910748034715652;1.5808501243591309;1.580850110400661;-1.5667146444320679;0.04371539130806923;49.996498107910156;1.7733349800109863;13.054890632629395;4
2026-05-19T12:47:10.115Z;Foen Stufe 1;foen_stufe1_001;200;237.46536254882812;0.00664076954126358;0.06687503308057785;1.5769526958465576;1.5769527467193711;-1.5623095035552979;0.04240776225924492;49.996498107910156;1.7720751762390137;13.231237411499023;4
2026-05-19T12:47:10.322Z;Foen Stufe 1;foen_stufe1_001;200;237.13870239257812;0.006623714230954647;0.07014741748571396;1.5707390308380127;1.5707389977478385;-1.5570292472839355;0.04465886205434799;49.996498107910156;1.737967848777771;12.507468223571777;7
2026-05-19T12:47:10.516Z;Foen Stufe 1;foen_stufe1_001;200;237.0157928466797;0.006633485201746225;0.06695981323719025;1.5722407102584839;1.5722407544285986;-1.5579348802566528;0.04258877784013748;49.996498107910156;1.7385114431381226;13.079050064086914;6
2026-05-19T12:47:10.717Z;Foen Stufe 1;foen_stufe1_001;200;237.01602172851562;0.006631787866353989;0.07393408566713333;1.5718399286270142;1.5718399770306632;-1.5569117069244385;0.04703665152192116;49.996498107910156;1.8168631792068481;13.285860061645508;5
2026-05-19T12:47:10.919Z;Foen Stufe 1;foen_stufe1_001;200;236.91908264160156;0.0066304560750722885;0.06609085202217102;1.5708816051483154;1.5708815708015607;-1.5570945739746094;0.04207246005535126;49.996498107910156;1.7377042770385742;12.857625961303711;7
2026-05-19T12:47:11.121Z;Foen Stufe 1;foen_stufe1_001;200;236.54541015625;0.006631143391132355;0.0683036521077156;1.5685665607452393;1.5685665332603094;-1.5549198389053345;0.04354526847600937;49.996498107910156;1.7072572708129883;12.65317153930664;7
2026-05-19T12:47:11.321Z;Foen Stufe 1;foen_stufe1_001;200;235.748046875;0.006609786301851273;0.06977362930774689;1.558244228363037;1.5582442109225667;-1.5448167324066162;0.04477708041667938;49.996498107910156;1.7157742977142334;12.428459167480469;6
2026-05-19T12:47:11.522Z;Foen Stufe 1;foen_stufe1_001;200;235.7715301513672;0.0065969121642410755;0.07278517633676529;1.5553641319274902;1.5553640752372857;-1.5416144132614136;0.04679622873663902;49.996498107910156;1.7661796808242798;12.688201904296875;5
2026-05-19T12:47:11.727Z;Foen Stufe 1;foen_stufe1_001;200;235.74363708496094;0.00660760048776865;0.06986051797866821;1.5576997995376587;1.5576997713909435;-1.5439879894256592;0.04484851285815239;49.996498107910156;1.7613351345062256;12.735740661621094;7
2026-05-19T12:47:11.927Z;Foen Stufe 1;foen_stufe1_001;200;235.67919921875;0.006597578059881926;0.08329160511493683;1.5549119710922241;1.5549119139361665;-1.541710615158081;0.053566765040159225;49.996498107910156;1.7535150051116943;12.176746368408203;6
2026-05-19T12:47:12.129Z;Foen Stufe 1;foen_stufe1_001;200;235.6742401123047;0.006575598381459713;0.06818501651287079;1.5496991872787476;1.5496991518342185;-1.5355751514434814;0.04399887099862099;49.996498107910156;1.7236562967300415;12.822723388671875;9
2026-05-19T12:47:12.327Z;Foen Stufe 1;foen_stufe1_001;200;235.5738067626953;0.006616658065468073;0.07121167331933975;1.558711290359497;1.5587113285294052;-1.5446537733078003;0.04568624868988991;49.996498107910156;1.765451192855835;12.752492904663086;6
2026-05-19T12:47:12.530Z;Foen Stufe 1;foen_stufe1_001;200;235.6106414794922;0.006601425353437662;0.06672381609678268;1.555366039276123;1.555366062202431;-1.5416446924209595;0.04289910942316055;49.996498107910156;1.7673473358154297;12.728437423706055;8
2026-05-19T12:47:12.729Z;Foen Stufe 1;foen_stufe1_001;200;235.67588806152344;0.006609148345887661;0.06743142753839493;1.557616949081421;1.5576169057474232;-1.543933629989624;0.04329140484333038;49.996498107910156;1.7225311994552612;12.813037872314453;6
2026-05-19T12:47:12.930Z;Foen Stufe 1;foen_stufe1_001;200;235.68687438964844;0.006627618335187435;0.06743689626455307;1.5620425939559937;1.562042650067852;-1.548405408859253;0.04317225143313408;49.996498107910156;1.7181873321533203;12.577523231506348;8
2026-05-19T12:47:13.133Z;Foen Stufe 1;foen_stufe1_001;200;235.6796112060547;0.006592439021915197;0.06723436713218689;1.5537034273147583;1.5537034655845972;-1.540178894996643;0.04327361658215523;49.996498107910156;1.7163230180740356;12.705561637878418;7
2026-05-19T12:47:13.336Z;Foen Stufe 1;foen_stufe1_001;200;235.67259216308594;0.006610257551074028;0.07255738228559494;1.557856559753418;1.5578565319272286;-1.5436980724334717;0.04657513648271561;49.996498107910156;1.7574111223220825;12.535762786865234;5
2026-05-19T12:47:13.538Z;Foen Stufe 1;foen_stufe1_001;200;235.63278198242188;0.006595198530703783;0.06671322882175446;1.5540449619293213;1.5540449775161136;-1.5400835275650024;0.04292876273393631;49.996498107910156;1.730278730392456;12.847158432006836;6
2026-05-19T12:47:13.744Z;Foen Stufe 1;foen_stufe1_001;200;235.58860778808594;0.006603925954550505;0.0684940293431282;1.555809736251831;1.5558097215681599;-1.5415608882904053;0.04402468353509903;49.99965286254883;1.7290581464767456;13.044559478759766;7
2026-05-19T12:47:13.939Z;Foen Stufe 1;foen_stufe1_001;200;235.5397186279297;0.006588499527424574;0.07344282418489456;1.5518532991409302;1.5518533248698319;-1.5381876230239868;0.04732587933540344;49.99965286254883;1.751962661743164;12.873819351196289;5
2026-05-19T12:47:14.141Z;Foen Stufe 1;foen_stufe1_001;200;235.5336456298828;0.0065991319715976715;0.07498303055763245;1.554317593574524;1.5543176112631159;-1.5406346321105957;0.04824176803231239;49.99965286254883;1.7460139989852905;12.463335990905762;6
2026-05-19T12:47:14.342Z;Foen Stufe 1;foen_stufe1_001;200;235.52671813964844;0.006587682757526636;0.07131229341030121;1.5515753030776978;1.551575300025398;-1.5379256010055542;0.04596121981739998;49.99965286254883;1.7244884967803955;12.534713745117188;8
2026-05-19T12:47:14.546Z;Foen Stufe 1;foen_stufe1_001;200;235.57337951660156;0.006613814737647772;0.07260294258594513;1.5580387115478516;1.5580386892443912;-1.5443916320800781;0.04659893363714218;49.99965286254883;1.721195936203003;12.537370681762695;5
2026-05-19T12:47:14.744Z;Foen Stufe 1;foen_stufe1_001;200;235.65980529785156;0.0066147600300610065;0.06783928722143173;1.5588330030441284;1.5588330607761876;-1.5453649759292603;0.043519277125597;49.99965286254883;1.7043554782867432;12.76590347290039;7
2026-05-19T12:47:14.947Z;Foen Stufe 1;foen_stufe1_001;200;235.6103057861328;0.00658710952848196;0.06872923672199249;1.5519908666610718;1.5519908902523838;-1.5385948419570923;0.04428456351161003;49.99965286254883;1.7065998315811157;12.565173149108887;7
2026-05-19T12:47:15.145Z;Foen Stufe 1;foen_stufe1_001;200;235.54347229003906;0.006588357500731945;0.07149554044008255;1.551844596862793;1.551844602410526;-1.538235068321228;0.04607132822275162;49.99965286254883;1.7558211088180542;12.800884246826172;6
2026-05-19T12:47:15.351Z;Foen Stufe 1;foen_stufe1_001;200;235.54994201660156;0.00659398315474391;0.06864974647760391;1.5532124042510986;1.5532123497583754;-1.538753867149353;0.04419855773448944;49.99965286254883;1.7369518280029297;13.204593658447266;5
2026-05-19T12:47:15.547Z;Foen Stufe 1;foen_stufe1_001;200;235.66885375976562;0.006598534062504768;0.07434193789958954;1.5550689697265625;1.5550689590052684;-1.541660189628601;0.04780619964003563;49.99965286254883;1.7302685976028442;12.612311363220215;6
2026-05-19T12:47:15.750Z;Foen Stufe 1;foen_stufe1_001;200;235.64837646484375;0.006609592121094465;0.06994207203388214;1.557539701461792;1.5575396524307337;-1.5438376665115356;0.04490548372268677;49.99965286254883;1.7406010627746582;12.901202201843262;9
2026-05-19T12:47:15.948Z;Foen Stufe 1;foen_stufe1_001;200;235.47628784179688;0.0065893917344510555;0.06627136468887329;1.5516455173492432;1.551645504763954;-1.5379005670547485;0.04271037504076958;49.99965286254883;1.6722413301467896;12.594347953796387;7
2026-05-19T12:47:16.152Z;Foen Stufe 1;foen_stufe1_001;200;235.58140563964844;0.006620464380830526;0.06959989666938782;1.5596582889556885;1.5596583048232802;-1.545677900314331;0.044625092297792435;49.99965286254883;1.7316365242004395;12.788872718811035;6
2026-05-19T12:47:16.354Z;Foen Stufe 1;foen_stufe1_001;200;235.49851989746094;0.006622273940593004;0.07200687378644943;1.5595357418060303;1.5595357113651787;-1.5455862283706665;0.046171993017196655;49.99965286254883;1.7840780019760132;12.911978721618652;4
2026-05-19T12:47:16.556Z;Foen Stufe 1;foen_stufe1_001;200;235.57179260253906;0.006567626725882292;0.07163292169570923;1.5471476316452026;1.547147600960436;-1.5336439609527588;0.04629999026656151;49.99965286254883;1.6962504386901855;12.453210830688477;5
2026-05-19T12:47:16.757Z;Foen Stufe 1;foen_stufe1_001;200;235.68402099609375;0.006590604782104492;0.06909937411546707;1.5533002614974976;1.553300235842471;-1.5397051572799683;0.04448552429676056;49.99965286254883;1.6864339113235474;12.47248363494873;5
2026-05-19T12:47:16.956Z;Foen Stufe 1;foen_stufe1_001;200;235.6104736328125;0.006610948592424393;0.07149343192577362;1.557608723640442;1.5576087290232863;-1.5439679622650146;0.04589948058128357;49.99965286254883;1.6855838298797607;12.471295356750488;6
2026-05-19T12:47:17.158Z;Foen Stufe 1;foen_stufe1_001;200;235.59756469726562;0.006607907358556986;0.07298087328672409;1.5568069219589233;1.556806881421167;-1.5437229871749878;0.04687856510281563;49.99965286254883;1.7033768892288208;12.50934886932373;6
2026-05-19T12:47:17.358Z;Foen Stufe 1;foen_stufe1_001;200;235.51754760742188;0.006618095096200705;0.06942541897296906;1.5586775541305542;1.5586775268898947;-1.544096827507019;0.04454123228788376;49.99965286254883;1.6857959032058716;12.401470184326172;6
2026-05-19T12:47:17.560Z;Foen Stufe 1;foen_stufe1_001;200;235.44334411621094;0.006586633622646332;0.0653032511472702;1.550779104232788;1.5507790465841254;-1.5375380516052246;0.04210996255278587;49.99965286254883;1.6947554349899292;12.383811950683594;6
2026-05-19T12:47:17.760Z;Foen Stufe 1;foen_stufe1_001;200;235.44532775878906;0.006589939352124929;0.07072141021490097;1.5515704154968262;1.551570430671596;-1.538037896156311;0.045580536127090454;49.99965286254883;1.7018994092941284;12.234431266784668;7
2026-05-19T12:47:17.959Z;Foen Stufe 1;foen_stufe1_001;200;235.50411987304688;0.006568836513906717;0.07065580040216446;1.5469880104064941;1.546988061797535;-1.5338095426559448;0.04567313939332962;49.99965286254883;1.692032814025879;12.169858932495117;7
2026-05-19T12:47:18.162Z;Foen Stufe 1;foen_stufe1_001;200;235.54119873046875;0.0065916310995817184;0.08042659610509872;1.5526007413864136;1.5526006907845158;-1.539710521697998;0.05180120840668678;49.99965286254883;1.682040810585022;12.316975593566895;6
2026-05-19T12:47:18.362Z;Foen Stufe 1;foen_stufe1_001;200;235.61048889160156;0.006591993849724531;0.07612904906272888;1.5531429052352905;1.5531428937040275;-1.539885401725769;0.04901612550020218;49.99965286254883;1.715989351272583;12.577146530151367;7
2026-05-19T12:47:18.565Z;Foen Stufe 1;foen_stufe1_001;200;235.44728088378906;0.006609952077269554;0.06789303570985794;1.5562952756881714;1.5562952433652697;-1.5422955751419067;0.04362477734684944;49.99965286254883;1.6943819522857666;12.80990219116211;6
2026-05-19T12:47:18.772Z;Foen Stufe 1;foen_stufe1_001;200;235.52313232421875;0.006608413066715002;0.0745353102684021;1.556434154510498;1.5564341451650137;-1.5424026250839233;0.047888509929180145;49.99965286254883;1.7177034616470337;12.985804557800293;6
2026-05-19T12:47:18.966Z;Foen Stufe 1;foen_stufe1_001;200;236.69351196289062;0.006619293708354235;0.07204212993383408;1.5667438507080078;1.5667438745442297;-1.5526928901672363;0.04598207399249077;49.99965286254883;1.7273707389831543;13.046066284179688;6
2026-05-19T12:47:19.170Z;Foen Stufe 1;foen_stufe1_001;200;236.9286346435547;0.006626867689192295;0.08023585379123688;1.5700947046279907;1.5700947135638188;-1.5559184551239014;0.05110255628824234;49.99965286254883;1.7428441047668457;12.713376998901367;7
2026-05-19T12:47:19.370Z;Foen Stufe 1;foen_stufe1_001;200;236.84129333496094;0.006643808912485838;0.07185544073581696;1.5735282897949219;1.5735282955034862;-1.5586663484573364;0.04566517099738121;49.99965286254883;1.7939547300338745;13.238363265991211;6
2026-05-19T12:47:19.571Z;Foen Stufe 1;foen_stufe1_001;200;236.90074157714844;0.006643866188824177;0.07387002557516098;1.5739368200302124;1.5739368270717904;-1.5599664449691772;0.046933285892009735;49.99965286254883;1.7337538003921509;12.86471176147461;6
2026-05-19T12:47:19.775Z;Foen Stufe 1;foen_stufe1_001;200;237.03717041015625;0.006629928480833769;0.07126378268003464;1.5715395212173462;1.5715394871185424;-1.557520866394043;0.04534647986292839;49.99965286254883;1.6842544078826904;12.574039459228516;5
2026-05-19T12:47:19.977Z;Foen Stufe 1;foen_stufe1_001;200;236.94354248046875;0.0066429865546524525;0.07643470168113708;1.5740127563476562;1.5740127669094761;-1.560369849205017;0.048560407012701035;49.99965286254883;1.710889458656311;12.46911334991455;5
2026-05-19T12:47:20.177Z;Foen Stufe 1;foen_stufe1_001;200;236.90203857421875;0.006650796625763178;0.08260256052017212;1.575587272644043;1.5755872787858323;-1.5620768070220947;0.052426520735025406;49.99965286254883;1.6937581300735474;12.136560440063477;6
2026-05-19T12:47:20.377Z;Foen Stufe 1;foen_stufe1_001;200;236.84585571289062;0.006638779770582914;0.08021020144224167;1.5723674297332764;1.572367475653138;-1.5587087869644165;0.05101237818598747;49.99965286254883;1.7089946269989014;12.278743743896484;6
2026-05-19T12:47:20.579Z;Foen Stufe 1;foen_stufe1_001;200;236.8440704345703;0.006612645462155342;0.0656159520149231;1.5661659240722656;1.5661658675975616;-1.552303671836853;0.04189591482281685;49.99965286254883;1.729778528213501;13.00683879852295;6
2026-05-19T12:47:20.778Z;Foen Stufe 1;foen_stufe1_001;200;236.8895721435547;0.006632560398429632;0.07277017831802368;1.5711843967437744;1.5711843950002802;-1.5567224025726318;0.04631549119949341;49.99965286254883;1.7415423393249512;12.993602752685547;5
2026-05-19T12:47:20.981Z;Foen Stufe 1;foen_stufe1_001;200;236.9787139892578;0.006641040090471506;0.07250665873289108;1.5737851858139038;1.5737851401910419;-1.559157133102417;0.04607151076197624;49.99965286254883;1.753819227218628;13.116992950439453;7
2026-05-19T12:47:21.181Z;Foen Stufe 1;foen_stufe1_001;200;236.97874450683594;0.00665259500965476;0.07311997562646866;1.5765236616134644;1.5765236131004272;-1.560086965560913;0.04638051241636276;49.99965286254883;1.749013900756836;12.926570892333984;5
2026-05-19T12:47:21.381Z;Foen Stufe 1;foen_stufe1_001;200;236.98931884765625;0.006623574532568455;0.06295657157897949;1.569716453552246;1.5697164168100812;-1.5554280281066895;0.04010697081685066;49.99965286254883;1.7271780967712402;13.226984024047852;5
2026-05-19T12:47:21.582Z;Foen Stufe 1;foen_stufe1_001;200;236.84544372558594;0.006640504579991102;0.07049056887626648;1.5727732181549072;1.5727732538097783;-1.5581341981887817;0.04481928423047066;49.99965286254883;1.7341185808181763;13.061835289001465;4
2026-05-19T12:47:21.782Z;Foen Stufe 1;foen_stufe1_001;200;236.9368896484375;0.006639834493398666;0.07567011564970016;1.5732216835021973;1.5732217326462887;-1.558963656425476;0.04809882491827011;49.99965286254883;1.7071624994277954;12.788501739501953;5
2026-05-19T12:47:21.983Z;Foen Stufe 1;foen_stufe1_001;200;236.92254638671875;0.006658120546489954;0.07239963859319687;1.5774588584899902;1.5774588740241313;-1.5627979040145874;0.04589637368917465;49.99965286254883;1.7171330451965332;13.039877891540527;4
2026-05-19T12:47:22.185Z;Foen Stufe 1;foen_stufe1_001;200;236.88330078125;0.006614482495933771;0.07230158895254135;1.5668604373931885;1.5668604465965927;-1.5526695251464844;0.04614424332976341;49.99965286254883;1.728320837020874;12.863202095031738;5
2026-05-19T12:47:22.384Z;Foen Stufe 1;foen_stufe1_001;200;236.7760772705078;0.0066389646381139755;0.07056257873773575;1.5719480514526367;1.5719480041502436;-1.557619333267212;0.04488861933350563;49.99965286254883;1.7528964281082153;13.143123626708984;4
2026-05-19T12:47:22.585Z;Foen Stufe 1;foen_stufe1_001;200;236.89920043945312;0.006642668973654509;0.06959495693445206;1.5736429691314697;1.5736429686427158;-1.559294581413269;0.04422537982463837;49.99965286254883;1.7017191648483276;12.859148979187012;5
2026-05-19T12:47:22.788Z;Foen Stufe 1;foen_stufe1_001;200;236.80174255371094;0.00662973104044795;0.07300902158021927;1.5699318647384644;1.5699318630405017;-1.5555931329727173;0.04650457948446274;49.99965286254883;1.7251813411712646;12.760498046875;4
2026-05-19T12:47:22.990Z;Foen Stufe 1;foen_stufe1_001;200;236.8545684814453;0.006653564050793648;0.07001808285713196;1.5759270191192627;1.5759270421143867;-1.5615711212158203;0.04442977532744408;49.99965286254883;1.7398033142089844;12.989638328552246;3
2026-05-19T12:47:23.189Z;Foen Stufe 1;foen_stufe1_001;200;236.7665557861328;0.0066475700587034225;0.06838154047727585;1.5739222764968872;1.57392226714623;-1.5594727993011475;0.043446581810712814;49.99965286254883;1.7625985145568848;12.966275215148926;4
2026-05-19T12:47:23.390Z;Foen Stufe 1;foen_stufe1_001;200;236.89447021484375;0.006631975062191486;0.07756663113832474;1.5710781812667847;1.5710782188359076;-1.5566686391830444;0.049371592700481415;49.99965286254883;1.741996169090271;12.852107048034668;6
2026-05-19T12:47:23.591Z;Foen Stufe 1;foen_stufe1_001;200;236.94464111328125;0.006636385340243578;0.0737115889787674;1.5724560022354126;1.5724559427334555;-1.5582128763198853;0.04687672480940819;49.994564056396484;1.7215698957443237;13.004231452941895;6
2026-05-19T12:47:23.792Z;Foen Stufe 1;foen_stufe1_001;200;236.89828491210938;0.006644973997026682;0.07731513679027557;1.5741829872131348;1.5741829431811851;-1.5604572296142578;0.04911445453763008;49.994564056396484;1.707969069480896;12.330760955810547;6
2026-05-19T12:47:23.993Z;Foen Stufe 1;foen_stufe1_001;200;236.8827362060547;0.006644351873546839;0.07104109227657318;1.5739322900772095;1.573932252121601;-1.560075283050537;0.04513605311512947;49.994564056396484;1.714411735534668;12.677258491516113;5
2026-05-19T12:47:24.194Z;Foen Stufe 1;foen_stufe1_001;200;236.85293579101562;0.006642128806561232;0.06921178847551346;1.5732077360153198;1.5732077077361026;-1.5590991973876953;0.043994054198265076;49.994564056396484;1.7095274925231934;12.911338806152344;4
2026-05-19T12:47:24.398Z;Foen Stufe 1;foen_stufe1_001;200;236.82315063476562;0.006626375950872898;0.07098903506994247;1.5692791938781738;1.5692792299761607;-1.5556190013885498;0.04523671418428421;49.994564056396484;1.7113473415374756;12.568584442138672;3
2026-05-19T12:47:24.599Z;Foen Stufe 1;foen_stufe1_001;200;236.83392333984375;0.20169110596179962;7.9105072021484375;47.767295837402344;47.767295927685154;-5.741689682006836;0.1656050831079483;49.994564056396484;1.714390516281128;101.0405044555664;5
2026-05-19T12:47:24.797Z;Foen Stufe 1;foen_stufe1_001;200;236.44546508789062;0.6804834604263306;146.86093139648438;160.89723205566406;160.89722828512095;-0.026884956285357475;0.9127623438835144;49.994564056396484;1.7091946601867676;44.56413269042969;5
2026-05-19T12:47:25.001Z;Foen Stufe 1;foen_stufe1_001;200;236.46437072753906;0.6697807908058167;144.0109100341797;158.37928771972656;158.37929322329092;-0.23611128330230713;0.9092786908149719;49.994564056396484;1.7177045345306396;45.42068099975586;6
2026-05-19T12:47:25.201Z;Foen Stufe 1;foen_stufe1_001;200;236.50732421875;0.663776159286499;141.9055938720703;156.98793029785156;156.98792331304867;-1.2351974248886108;0.9039267897605896;49.994564056396484;1.7526229619979858;46.01472473144531;5
2026-05-19T12:47:25.403Z;Foen Stufe 1;foen_stufe1_001;200;236.58889770507812;0.6570615768432617;140.3627471923828;155.45347595214844;155.45347418970778;-6.6148881912231445;0.9029244780540466;49.994564056396484;1.7080023288726807;46.664424896240234;5
2026-05-19T12:47:25.602Z;Foen Stufe 1;foen_stufe1_001;200;236.64093017578125;0.6529102325439453;139.40411376953125;154.50527954101562;154.50528475048486;-9.314751625061035;0.9022611379623413;49.994564056396484;1.6956372261047363;47.15007781982422;4
2026-05-19T12:47:25.804Z;Foen Stufe 1;foen_stufe1_001;200;236.59268188476562;0.6513200998306274;138.99600219726562;154.09756469726562;154.09756918438143;-9.372055053710938;0.9020000100135803;49.994564056396484;1.7190407514572144;47.20524215698242;6
2026-05-19T12:47:26.004Z;Foen Stufe 1;foen_stufe1_001;200;236.51502990722656;0.6503732800483704;138.7609405517578;153.82305908203125;153.82305578150135;-9.330427169799805;0.9020815491676331;49.994564056396484;1.7985796928405762;47.177406311035156;7
2026-05-19T12:47:26.206Z;Foen Stufe 1;foen_stufe1_001;200;236.46437072753906;0.6497999429702759;138.59716796875;153.654541015625;153.65453461325706;-9.305187225341797;0.9020050168037415;49.994564056396484;1.793800711631775;47.20418930053711;4
2026-05-19T12:47:26.408Z;Foen Stufe 1;foen_stufe1_001;200;236.45956420898438;0.6497905254364014;138.5714874267578;153.64918518066406;153.64918447181844;-9.267818450927734;0.9018693566322327;49.994564056396484;1.7239779233932495;47.23794937133789;6
2026-05-19T12:47:26.608Z;Foen Stufe 1;foen_stufe1_001;200;236.54931640625;0.6498705744743347;138.65234375;153.7264404296875;153.72644014444086;-9.268087387084961;0.9019420742988586;49.994564056396484;1.7138841152191162;47.24477005004883;4
2026-05-19T12:47:26.809Z;Foen Stufe 1;foen_stufe1_001;200;236.84544372558594;0.65022212266922;138.9058837890625;154.0021514892578;154.00214716378377;-9.308016777038574;0.9019736647605896;49.994564056396484;1.7571799755096436;47.20996856689453;4
2026-05-19T12:47:27.010Z;Foen Stufe 1;foen_stufe1_001;200;236.92701721191406;0.6506268382072449;139.03158569335938;154.1510772705078;154.15107609446113;-9.32663345336914;0.9019176959991455;49.994564056396484;1.734137773513794;47.23514938354492;5
2026-05-19T12:47:27.210Z;Foen Stufe 1;foen_stufe1_001;200;236.69757080078125;0.6500403881072998;138.73779296875;153.86297607421875;153.86298078739492;-9.29596996307373;0.901697039604187;49.994564056396484;1.7222423553466797;47.28178024291992;4
2026-05-19T12:47:27.410Z;Foen Stufe 1;foen_stufe1_001;200;236.33763122558594;0.6493328213691711;138.37550354003906;153.46177673339844;153.46178087941644;-9.24545669555664;0.90169358253479;49.994564056396484;1.7003785371780396;47.323272705078125;237
2026-05-19T12:47:27.652Z;Foen Stufe 1;foen_stufe1_001;200;236.41693115234375;0.649622917175293;138.47998046875;153.5818634033203;153.58185648481594;-9.250913619995117;0.9016688466072083;49.994564056396484;1.7003785371780396;47.323272705078125;4
2026-05-19T12:47:27.812Z;Foen Stufe 1;foen_stufe1_001;200;236.43746948242188;0.6496334075927734;138.49658203125;153.59767150878906;153.5976789824781;-9.238468170166016;0.9016841053962708;49.994564056396484;1.684598684310913;47.31017303466797;5
2026-05-19T12:47:28.012Z;Foen Stufe 1;foen_stufe1_001;200;236.46682739257812;0.6495498418807983;138.49258422851562;153.59698486328125;153.59699034290315;-9.256446838378906;0.9016621112823486;49.994564056396484;1.6966753005981445;47.318511962890625;5
2026-05-19T12:47:28.215Z;Foen Stufe 1;foen_stufe1_001;200;236.4966278076172;0.6495868563652039;138.54611206054688;153.62510681152344;153.6251009985217;-9.268214225769043;0.9018455147743225;49.994564056396484;1.714158296585083;47.263458251953125;4
2026-05-19T12:47:28.415Z;Foen Stufe 1;foen_stufe1_001;200;236.47439575195312;0.6495349407196045;138.51556396484375;153.598388671875;153.59838262644917;-9.260965347290039;0.9018034934997559;49.994564056396484;1.6946288347244263;47.269309997558594;6
2026-05-19T12:47:28.617Z;Foen Stufe 1;foen_stufe1_001;200;236.43313598632812;0.6493467688560486;138.4508819580078;153.527099609375;153.5270929032249;-9.262256622314453;0.9018009305000305;49.994564056396484;1.712890386581421;47.2685432434082;6
2026-05-19T12:47:28.817Z;Foen Stufe 1;foen_stufe1_001;200;236.41152954101562;0.6493405699729919;138.44912719726562;153.5115966796875;153.5115973403499;-9.261162757873535;0.9018805623054504;49.994564056396484;1.7343356609344482;47.25436782836914;5
2026-05-19T12:47:29.019Z;Foen Stufe 1;foen_stufe1_001;200;236.5092010498047;0.6498265266418457;138.59201049804688;153.68995666503906;153.68995263703255;-9.256122589111328;0.9017636179924011;49.994564056396484;1.714414119720459;47.30203628540039;6
2026-05-19T12:47:29.219Z;Foen Stufe 1;foen_stufe1_001;200;236.7950439453125;0.6503496766090393;138.86972045898438;153.99957275390625;153.99958025245724;-9.314933776855469;0.9017539620399475;49.994564056396484;1.7466034889221191;47.27785110473633;5
2026-05-19T12:47:29.421Z;Foen Stufe 1;foen_stufe1_001;200;236.8145751953125;0.650546133518219;138.91905212402344;154.05880737304688;154.05880625407008;-9.325100898742676;0.9017274379730225;49.994564056396484;1.7247142791748047;47.28047561645508;4
2026-05-19T12:47:29.622Z;Foen Stufe 1;foen_stufe1_001;200;236.73626708984375;0.6501244306564331;138.78533935546875;153.9080352783203;153.90803085751395;-9.296660423278809;0.9017419815063477;49.994564056396484;1.7282837629318237;47.28762435913086;5
2026-05-19T12:47:29.822Z;Foen Stufe 1;foen_stufe1_001;200;236.4492645263672;0.649436354637146;138.49082946777344;153.55874633789062;153.55874841063815;-9.279685974121094;0.9018752574920654;49.994564056396484;1.7391287088394165;47.25490951538086;6
2026-05-19T12:47:30.025Z;Foen Stufe 1;foen_stufe1_001;200;236.41400146484375;0.6492372155189514;138.42514038085938;153.48876953125;153.48876802072846;-9.304436683654785;0.9018584489822388;49.994564056396484;1.788446068763733;47.26177978515625;5
2026-05-19T12:47:30.225Z;Foen Stufe 1;foen_stufe1_001;200;236.4400177001953;0.6491791605949402;138.44105529785156;153.49192810058594;153.4919322216656;-9.277631759643555;0.901943564414978;49.994564056396484;1.755183219909668;47.23388671875;5
2026-05-19T12:47:30.429Z;Foen Stufe 1;foen_stufe1_001;200;236.4728240966797;0.6493866443634033;138.47137451171875;153.56228637695312;153.56229372328016;-9.270934104919434;0.9017277359962463;49.994564056396484;1.7075753211975098;47.30268859863281;6
2026-05-19T12:47:30.626Z;Foen Stufe 1;foen_stufe1_001;200;236.46095275878906;0.6491841077804565;138.43885803222656;153.50669860839844;153.50669264163116;-9.28713607788086;0.901842474937439;49.994564056396484;1.7564793825149536;47.26061248779297;5
2026-05-19T12:47:30.827Z;Foen Stufe 1;foen_stufe1_001;200;236.51473999023438;0.649357795715332;138.50721740722656;153.5826873779297;153.58269021424348;-9.276497840881348;0.9018413424491882;49.994564056396484;1.7416765689849854;47.26421356201172;4
2026-05-19T12:47:31.030Z;Foen Stufe 1;foen_stufe1_001;200;236.55116271972656;0.649597704410553;138.56690979003906;153.6630859375;153.66309227838155;-9.277338027954102;0.9017579555511475;49.994564056396484;1.7241765260696411;47.29550552368164;5
2026-05-19T12:47:31.229Z;Foen Stufe 1;foen_stufe1_001;200;236.43780517578125;0.6491348147392273;138.41668701171875;153.48001098632812;153.48001086013028;-9.281647682189941;0.9018548130989075;49.994564056396484;1.7354588508605957;47.25780487060547;6
2026-05-19T12:47:31.433Z;Foen Stufe 1;foen_stufe1_001;200;236.4432373046875;0.6491031050682068;138.41378784179688;153.47604370117188;153.47603950685152;-9.2749605178833;0.9018592238426208;49.994564056396484;1.7338823080062866;47.25802993774414;5
2026-05-19T12:47:31.633Z;Foen Stufe 1;foen_stufe1_001;200;236.80397033691406;0.6499518156051636;138.8084259033203;153.91116333007812;153.9111704629886;-9.344023704528809;0.9018736481666565;49.994564056396484;1.7376443147659302;47.23277282714844;7
2026-05-19T12:47:31.833Z;Foen Stufe 1;foen_stufe1_001;200;236.8103790283203;0.6501350402832031;138.84446716308594;153.95872497558594;153.95872530905763;-9.351160049438477;0.901829183101654;49.994564056396484;1.7048629522323608;47.250457763671875;4
2026-05-19T12:47:32.035Z;Foen Stufe 1;foen_stufe1_001;200;236.36009216308594;0.6487976908683777;138.29397583007812;153.34988403320312;153.3498820088471;-9.266657829284668;0.9018198847770691;49.994564056396484;1.7195000648498535;47.27098846435547;5
2026-05-19T12:47:32.236Z;Foen Stufe 1;foen_stufe1_001;200;236.4231414794922;0.648751974105835;138.33688354492188;153.37997436523438;153.37997975912367;-9.272245407104492;0.9019227027893066;49.994564056396484;1.7428908348083496;47.22595977783203;4
2026-05-19T12:47:32.437Z;Foen Stufe 1;foen_stufe1_001;200;236.4257049560547;0.6492039561271667;138.4093780517578;153.48851013183594;153.488502987625;-9.247130393981934;0.9017572402954102;49.994564056396484;1.708500862121582;47.30489730834961;4
2026-05-19T12:47:32.638Z;Foen Stufe 1;foen_stufe1_001;200;236.56622314453125;0.6493070125579834;138.53854370117188;153.60411071777344;153.60410762210086;-9.296070098876953;0.9019194841384888;49.994564056396484;1.740389108657837;47.23139572143555;4
2026-05-19T12:47:32.838Z;Foen Stufe 1;foen_stufe1_001;200;236.40980529785156;0.6490565538406372;138.35670471191406;153.44332885742188;153.44333352075955;-9.255993843078613;0.901679515838623;49.994564056396484;1.7112066745758057;47.30453109741211;3
2026-05-19T12:47:33.039Z;Foen Stufe 1;foen_stufe1_001;200;236.4010467529297;0.648879885673523;138.3470916748047;153.39588928222656;153.39588419014217;-9.273321151733398;0.9018957018852234;49.994564056396484;1.7515126466751099;47.255889892578125;5
2026-05-19T12:47:33.242Z;Foen Stufe 1;foen_stufe1_001;200;236.3921661376953;0.6488296985626221;138.3504638671875;153.37826538085938;153.37825789768613;-9.28059196472168;0.9020212888717651;49.994564056396484;1.8158905506134033;47.21418762207031;7
2026-05-19T12:47:33.443Z;Foen Stufe 1;foen_stufe1_001;200;236.507080078125;0.6491732597351074;138.4827423095703;153.53407287597656;153.5340721247485;-9.3107271194458;0.901967465877533;49.994564056396484;1.7414696216583252;47.216705322265625;5
2026-05-19T12:47:33.644Z;Foen Stufe 1;foen_stufe1_001;200;236.51551818847656;0.6492270231246948;138.4982452392578;153.55226135253906;153.55226579629925;-9.299675941467285;0.901961624622345;49.99026870727539;1.721278190612793;47.21785354614258;6
2026-05-19T12:47:33.845Z;Foen Stufe 1;foen_stufe1_001;200;236.4928436279297;0.6489995718002319;138.45506286621094;153.48374938964844;153.48375424834558;-9.326350212097168;0.9020828604698181;49.99026870727539;1.7683895826339722;47.16924285888672;6
2026-05-19T12:47:34.048Z;Foen Stufe 1;foen_stufe1_001;200;236.53646850585938;0.6491745710372925;138.50482177734375;153.553466796875;153.5534604769673;-9.302583694458008;0.9019973874092102;49.99026870727539;1.7409980297088623;47.18790817260742;4
2026-05-19T12:47:34.247Z;Foen Stufe 1;foen_stufe1_001;200;236.56646728515625;0.6491496562957764;138.53001403808594;153.56704711914062;153.5670409292652;-9.31022834777832;0.9020816683769226;49.99026870727539;1.740170955657959;47.15940856933594;5
2026-05-19T12:47:34.446Z;Foen Stufe 1;foen_stufe1_001;200;236.631591796875;0.6497243046760559;138.64793395996094;153.74530029296875;153.7452964446129;-9.313552856445312;0.9018027186393738;49.99026870727539;1.729753851890564;47.26633834838867;5
2026-05-19T12:47:34.649Z;Foen Stufe 1;foen_stufe1_001;200;236.90768432617188;0.6500412225723267;138.89845275878906;153.999755859375;153.9997607561636;-9.352190017700195;0.9019394516944885;49.99026870727539;1.7571443319320679;47.1994743347168;6
2026-05-19T12:47:34.851Z;Foen Stufe 1;foen_stufe1_001;200;236.85227966308594;0.6499130725860596;138.83628845214844;153.9333953857422;153.93339282484885;-9.383034706115723;0.9019244313240051;49.99026870727539;1.745959758758545;47.209415435791016;4
2026-05-19T12:47:35.051Z;Foen Stufe 1;foen_stufe1_001;200;236.7621307373047;0.64960116147995;138.71070861816406;153.8009490966797;153.80095512142088;-9.358081817626953;0.9018846154212952;49.99026870727539;1.7397631406784058;47.22786331176758;5
2026-05-19T12:47:35.251Z;Foen Stufe 1;foen_stufe1_001;200;236.51092529296875;0.64894700050354;138.41920471191406;153.48306274414062;153.4830555551889;-9.277801513671875;0.9018532633781433;49.99026870727539;1.733907699584961;47.250667572021484;4
2026-05-19T12:47:35.451Z;Foen Stufe 1;foen_stufe1_001;200;236.54629516601562;0.6491512656211853;138.49607849121094;153.5543212890625;153.5543268850215;-9.319426536560059;0.9019353985786438;49.99026870727539;1.7537845373153687;47.21186065673828;5
2026-05-19T12:47:35.653Z;Foen Stufe 1;foen_stufe1_001;200;236.53981018066406;0.648935854434967;138.4551544189453;153.49916076660156;153.49916382747415;-9.309755325317383;0.901992917060852;49.99026870727539;1.734640121459961;47.21038818359375;6
2026-05-19T12:47:35.854Z;Foen Stufe 1;foen_stufe1_001;200;236.52532958984375;0.6491261720657349;138.47422790527344;153.53477478027344;153.53478179324156;-9.298389434814453;0.9019079208374023;49.99026870727539;1.7303500175476074;47.23323440551758;4
2026-05-19T12:47:36.055Z;Foen Stufe 1;foen_stufe1_001;200;236.4777069091797;0.6488256454467773;138.3912811279297;153.43280029296875;153.43280081912235;-9.256311416625977;0.9019667506217957;49.99026870727539;1.7335351705551147;47.21298599243164;5
2026-05-19T12:47:36.255Z;Foen Stufe 1;foen_stufe1_001;200;236.49020385742188;0.6489565372467041;138.41114807128906;153.47186279296875;153.47186378807965;-9.304094314575195;0.901866614818573;49.99026870727539;1.7452765703201294;47.233245849609375;5
2026-05-19T12:47:36.456Z;Foen Stufe 1;foen_stufe1_001;200;236.55368041992188;0.6492391228675842;138.49740600585938;153.5799102783203;153.5799039869289;-9.291797637939453;0.9017937779426575;49.99026870727539;1.7321981191635132;47.26311492919922;5
2026-05-19T12:47:36.657Z;Foen Stufe 1;foen_stufe1_001;200;236.5418243408203;0.6491310000419617;138.4779815673828;153.546630859375;153.54663098610672;-9.297867774963379;0.9018627405166626;49.99026870727539;1.7584556341171265;47.2513542175293;5
2026-05-19T12:47:36.859Z;Foen Stufe 1;foen_stufe1_001;200;236.85888671875;0.650024950504303;138.8675079345703;153.9641876220703;153.96418611585977;-9.361222267150879;0.9019467830657959;49.99026870727539;1.8094751834869385;47.22136688232422;6
2026-05-19T12:47:37.059Z;Foen Stufe 1;foen_stufe1_001;200;237.12562561035156;0.650402843952179;139.14781188964844;154.22718811035156;154.2271812709123;-9.436607360839844;0.9022262096405029;49.99026870727539;1.8789992332458496;47.129825592041016;3
2026-05-19T12:47:37.262Z;Foen Stufe 1;foen_stufe1_001;200;237.4188690185547;0.6513672471046448;139.48670959472656;154.64688110351562;154.6468751233142;-9.459969520568848;0.9019691348075867;49.99026870727539;1.7718656063079834;47.199398040771484;4
2026-05-19T12:47:37.463Z;Foen Stufe 1;foen_stufe1_001;200;237.4738311767578;0.6515392661094666;139.55137634277344;154.72352600097656;154.72352568510814;-9.43597412109375;0.9019402265548706;49.99026870727539;1.741497278213501;47.19784164428711;5
2026-05-19T12:47:37.664Z;Foen Stufe 1;foen_stufe1_001;200;237.45249938964844;0.6514354944229126;139.5267791748047;154.6849822998047;154.68498634185198;-9.486494064331055;0.9020059704780579;49.99026870727539;1.781447410583496;47.176422119140625;7
2026-05-19T12:47:37.863Z;Foen Stufe 1;foen_stufe1_001;200;237.36175537109375;0.6511980295181274;139.41363525390625;154.5695037841797;154.56950738062005;-9.453368186950684;0.9019478559494019;49.99026870727539;1.776854157447815;47.20944595336914;5
2026-05-19T12:47:38.065Z;Foen Stufe 1;foen_stufe1_001;200;237.42236328125;0.6511415839195251;139.46751403808594;154.5955810546875;154.59557368487003;-9.469461441040039;0.9021442532539368;49.99026870727539;1.8386930227279663;47.138031005859375;4
2026-05-19T12:47:38.264Z;Foen Stufe 1;foen_stufe1_001;200;237.43003845214844;0.6511791944503784;139.46031188964844;154.6094970703125;154.6095011775924;-9.441874504089355;0.9020164608955383;49.99026870727539;1.7557538747787476;47.16938400268555;5
2026-05-19T12:47:38.467Z;Foen Stufe 1;foen_stufe1_001;200;237.38758850097656;0.6513169407844543;139.4197540283203;154.61456298828125;154.61455792265497;-9.447288513183594;0.9017245769500732;49.99026870727539;1.7170594930648804;47.26280212402344;6
2026-05-19T12:47:38.668Z;Foen Stufe 1;foen_stufe1_001;200;237.4010467529297;0.6513229608535767;139.43463134765625;154.624755859375;154.62475268085655;-9.428189277648926;0.9017613530158997;49.99026870727539;1.7314679622650146;47.26127243041992;5
2026-05-19T12:47:38.869Z;Foen Stufe 1;foen_stufe1_001;200;237.46498107910156;0.6514046788215637;139.5023956298828;154.68580627441406;154.68579973120086;-9.45438003540039;0.9018435478210449;49.99026870727539;1.7745170593261719;47.22724151611328;5
2026-05-19T12:47:39.070Z;Foen Stufe 1;foen_stufe1_001;200;237.38731384277344;0.6513078212738037;139.4259490966797;154.61221313476562;154.61221417697743;-9.445195198059082;0.9017783403396606;49.99026870727539;1.7680097818374634;47.255271911621094;4
2026-05-19T12:47:39.271Z;Foen Stufe 1;foen_stufe1_001;200;237.4152069091797;0.6512743234634399;139.43881225585938;154.62242126464844;154.6224282597086;-9.433384895324707;0.9018020033836365;49.99026870727539;1.7691946029663086;47.25220489501953;5
2026-05-19T12:47:39.471Z;Foen Stufe 1;foen_stufe1_001;200;237.48577880859375;0.6514551043510437;139.51210021972656;154.71131896972656;154.71132281564132;-9.443882942199707;0.901757538318634;49.99026870727539;1.735626220703125;47.25346374511719;6
2026-05-19T12:47:39.672Z;Foen Stufe 1;foen_stufe1_001;200;237.4802703857422;0.6513788104057312;139.48831176757812;154.6896209716797;154.68961601869614;-9.452741622924805;0.9017302393913269;49.99026870727539;1.7230998277664185;47.251773834228516;4
2026-05-19T12:47:39.875Z;Foen Stufe 1;foen_stufe1_001;200;237.47349548339844;0.6513371467590332;139.48939514160156;154.67530822753906;154.6753089790509;-9.452802658081055;0.901820719242096;49.99026870727539;1.7259485721588135;47.24147033691406;6
2026-05-19T12:47:40.074Z;Foen Stufe 1;foen_stufe1_001;200;237.5142059326172;0.6512648463249207;139.52749633789062;154.6846466064453;154.6846528266915;-9.50129222869873;0.9020125865936279;49.99026870727539;1.8233610391616821;47.174530029296875;5
2026-05-19T12:47:40.277Z;Foen Stufe 1;foen_stufe1_001;200;237.563232421875;0.6514227390289307;139.55934143066406;154.75408935546875;154.75409155682428;-9.470459938049316;0.9018135666847229;49.99026870727539;1.7519019842147827;47.225276947021484;4
2026-05-19T12:47:40.478Z;Foen Stufe 1;foen_stufe1_001;200;237.5562744140625;0.6513763070106506;139.54803466796875;154.738525390625;154.73852873504075;-9.472040176391602;0.9018312096595764;49.99026870727539;1.7597628831863403;47.21895980834961;4
2026-05-19T12:47:40.679Z;Foen Stufe 1;foen_stufe1_001;200;237.5148162841797;0.6511600613594055;139.51589965820312;154.66015625;154.66016234537437;-9.470967292785645;0.9020804166793823;49.99026870727539;1.8130944967269897;47.14850616455078;4
2026-05-19T12:47:40.880Z;Foen Stufe 1;foen_stufe1_001;200;237.53858947753906;0.6513949632644653;139.5405731201172;154.7314453125;154.73144076661447;-9.458966255187988;0.9018242955207825;49.99026870727539;1.7759201526641846;47.227699279785156;6
2026-05-19T12:47:41.079Z;Foen Stufe 1;foen_stufe1_001;200;237.49472045898438;0.6513036489486694;139.4855499267578;154.68118286132812;154.68117804098074;-9.477201461791992;0.9017615914344788;49.99026870727539;1.797798991203308;47.24008560180664;5
2026-05-19T12:47:41.280Z;Foen Stufe 1;foen_stufe1_001;200;237.51068115234375;0.6513612270355225;139.5370330810547;154.7052459716797;154.70524870943336;-9.465373039245605;0.9019541144371033;49.99026870727539;1.7737680673599243;47.18901824951172;4
2026-05-19T12:47:41.483Z;Foen Stufe 1;foen_stufe1_001;200;237.4761199951172;0.6509596109390259;139.4624786376953;154.5873565673828;154.5873626793309;-9.459692001342773;0.9021596908569336;49.99026870727539;1.844537615776062;47.12831497192383;5
2026-05-19T12:47:41.683Z;Foen Stufe 1;foen_stufe1_001;200;237.4197998046875;0.6510182023048401;139.39125061035156;154.56460571289062;154.56461126042268;-9.458147048950195;0.9018316268920898;49.99026870727539;1.774455189704895;47.21807098388672;5
2026-05-19T12:47:41.884Z;Foen Stufe 1;foen_stufe1_001;200;237.5282440185547;0.6515471339225769;139.53907775878906;154.76084899902344;154.76084661595178;-9.477834701538086;0.9016432762145996;49.99026870727539;1.7344813346862793;47.28822326660156;5
2026-05-19T12:47:42.086Z;Foen Stufe 1;foen_stufe1_001;200;237.56979370117188;0.6514679193496704;139.58135986328125;154.76910400390625;154.76909920283288;-9.474607467651367;0.9018683433532715;49.99026870727539;1.775904893875122;47.218971252441406;5
2026-05-19T12:47:42.286Z;Foen Stufe 1;foen_stufe1_001;200;237.4459228515625;0.6512171626091003;139.4317169189453;154.6288604736328;154.62886015249387;-9.432201385498047;0.9017185568809509;49.99026870727539;1.7484817504882812;47.2647590637207;4
2026-05-19T12:47:42.491Z;Foen Stufe 1;foen_stufe1_001;200;237.53562927246094;0.6514614820480347;139.540283203125;154.7453155517578;154.74531308504993;-9.452383995056152;0.9017415642738342;49.99026870727539;1.7603248357772827;47.25361633300781;6
2026-05-19T12:47:42.691Z;Foen Stufe 1;foen_stufe1_001;200;237.5484619140625;0.6513464450836182;139.5410614013672;154.72634887695312;154.72634620280587;-9.450152397155762;0.9018571376800537;49.99026870727539;1.7885690927505493;47.21843719482422;5
2026-05-19T12:47:42.891Z;Foen Stufe 1;foen_stufe1_001;200;237.5758514404297;0.6512486338615417;139.54443359375;154.720947265625;154.72094868907243;-9.457561492919922;0.9019104242324829;49.99026870727539;1.7794530391693115;47.17870330810547;4
2026-05-19T12:47:43.091Z;Foen Stufe 1;foen_stufe1_001;200;237.60745239257812;0.6514971852302551;139.59152221679688;154.8005828857422;154.8005864234965;-9.454398155212402;0.9017506241798401;49.99026870727539;1.7282685041427612;47.233642578125;6
2026-05-19T12:47:43.291Z;Foen Stufe 1;foen_stufe1_001;200;237.54644775390625;0.6515800356864929;139.58160400390625;154.780517578125;154.78052290468986;-9.454147338867188;0.9018034338951111;49.99026870727539;1.7641164064407349;47.2532844543457;6
2026-05-19T12:47:43.492Z;Foen Stufe 1;foen_stufe1_001;200;237.418701171875;0.6510217189788818;139.4034881591797;154.56472778320312;154.56473095464753;-9.439873695373535;0.9019100666046143;49.99026870727539;1.7745845317840576;47.21421813964844;4
2026-05-19T12:47:43.692Z;Foen Stufe 1;foen_stufe1_001;200;237.50270080566406;0.6512750387191772;139.48886108398438;154.67958068847656;154.67958066311803;-9.453340530395508;0.9017923474311829;49.98320007324219;1.7704317569732666;47.235687255859375;4
2026-05-19T12:47:43.893Z;Foen Stufe 1;foen_stufe1_001;200;237.3634490966797;0.6506571769714355;139.2940216064453;154.44223022460938;154.44223170544865;-9.44819164276123;0.9019166827201843;49.98320007324219;1.8071188926696777;47.19413375854492;6
2026-05-19T12:47:44.095Z;Foen Stufe 1;foen_stufe1_001;200;237.5310516357422;0.6512386798858643;139.52525329589844;154.6894073486328;154.6894084991618;-9.458374977111816;0.9019703269004822;49.98320007324219;1.7852140665054321;47.185054779052734;9
2026-05-19T12:47:44.297Z;Foen Stufe 1;foen_stufe1_001;200;237.5185089111328;0.6512768268585205;139.5065460205078;154.6903076171875;154.6903008038098;-9.439226150512695;0.9018441438674927;49.98320007324219;1.7645331621170044;47.226253509521484;5
2026-05-19T12:47:44.498Z;Foen Stufe 1;foen_stufe1_001;200;237.49595642089844;0.6509376168251038;139.44757080078125;154.5950469970703;154.59505187821833;-9.469172477722168;0.9020183682441711;49.98320007324219;1.7863829135894775;47.15114974975586;5
2026-05-19T12:47:44.698Z;Foen Stufe 1;foen_stufe1_001;200;237.47242736816406;0.6509785652160645;139.43997192382812;154.58946228027344;154.58946004650352;-9.459561347961426;0.9020017981529236;49.98320007324219;1.7776273488998413;47.18190002441406;9
2026-05-19T12:47:44.902Z;Foen Stufe 1;foen_stufe1_001;200;237.56378173828125;0.651342511177063;139.56561279296875;154.7353973388672;154.7353901621318;-9.446504592895508;0.9019630551338196;49.98320007324219;1.7598575353622437;47.18616485595703;7
2026-05-19T12:47:45.104Z;Foen Stufe 1;foen_stufe1_001;200;237.630126953125;0.6514829397201538;139.63418579101562;154.81198120117188;154.81197367349523;-9.43956184387207;0.9019598364830017;49.98320007324219;1.7526956796646118;47.18683624267578;6
2026-05-19T12:47:45.309Z;Foen Stufe 1;foen_stufe1_001;200;237.32765197753906;0.650536835193634;139.26780700683594;154.390380859375;154.39037962140446;-9.429625511169434;0.9020497798919678;49.98320007324219;1.7988104820251465;47.168418884277344;6
2026-05-19T12:47:45.505Z;Foen Stufe 1;foen_stufe1_001;200;237.2802734375;0.6503559947013855;139.20497131347656;154.316650390625;154.31664825446205;-9.40762996673584;0.9020735621452332;49.98320007324219;1.8014450073242188;47.15134811401367;6
2026-05-19T12:47:45.707Z;Foen Stufe 1;foen_stufe1_001;200;237.5118408203125;0.6508265733718872;139.44216918945312;154.57901000976562;154.5790174963331;-9.43112564086914;0.9020770192146301;49.98320007324219;1.8080519437789917;47.1350212097168;5
2026-05-19T12:47:45.909Z;Foen Stufe 1;foen_stufe1_001;200;237.49905395507812;0.6509938836097717;139.459716796875;154.6104278564453;154.61043148786302;-9.45417308807373;0.9020071625709534;49.98320007324219;1.7918968200683594;47.17367172241211;4
2026-05-19T12:47:46.107Z;Foen Stufe 1;foen_stufe1_001;200;237.64308166503906;0.6514425277709961;139.61656188964844;154.81080627441406;154.8108098271623;-9.466347694396973;0.9018528461456299;49.98320007324219;1.7834922075271606;47.20962905883789;5
2026-05-19T12:47:46.309Z;Foen Stufe 1;foen_stufe1_001;200;237.62109375;0.6513401865959167;139.5703125;154.7721710205078;154.77216754225083;-9.444647789001465;0.9017791152000427;49.98320007324219;1.7562201023101807;47.222259521484375;4
2026-05-19T12:47:46.509Z;Foen Stufe 1;foen_stufe1_001;200;237.45388793945312;0.6509979367256165;139.38043212890625;154.5819854736328;154.58199111605973;-9.429258346557617;0.9016602635383606;49.98320007324219;1.730782389640808;47.275691986083984;6
2026-05-19T12:47:46.712Z;Foen Stufe 1;foen_stufe1_001;200;237.4543914794922;0.650965690612793;139.40562438964844;154.5746612548828;154.57466193848813;-9.41858196258545;0.9018659591674805;49.98320007324219;1.753300666809082;47.22489547729492;6
2026-05-19T12:47:46.912Z;Foen Stufe 1;foen_stufe1_001;200;237.25228881835938;0.6504119634628296;139.14866638183594;154.3117218017578;154.31172700639945;-9.404603004455566;0.9017375111579895;49.98320007324219;1.7828471660614014;47.25712966918945;5
2026-05-19T12:47:47.115Z;Foen Stufe 1;foen_stufe1_001;200;235.9850311279297;0.6466816663742065;137.63340759277344;152.60719299316406;152.60719316917857;-9.194038391113281;0.9018802046775818;49.98320007324219;1.7711905241012573;47.20661163330078;5
2026-05-19T12:47:47.314Z;Foen Stufe 1;foen_stufe1_001;200;236.12255859375;0.6470892429351807;137.81146240234375;152.79237365722656;152.79236768034752;-9.17336368560791;0.9019525051116943;49.98320007324219;1.7577357292175293;47.179344177246094;4
2026-05-19T12:47:47.517Z;Foen Stufe 1;foen_stufe1_001;200;236.02761840820312;0.6470056772232056;137.729248046875;152.71121215820312;152.7112090915798;-9.173422813415527;0.9018934965133667;49.98320007324219;1.729681372642517;47.21210479736328;6
2026-05-19T12:47:47.718Z;Foen Stufe 1;foen_stufe1_001;200;236.02813720703125;0.6468575596809387;137.70101928710938;152.6765899658203;152.676584849778;-9.154111862182617;0.9019131064414978;49.98320007324219;1.755720615386963;47.21078872680664;4
2026-05-19T12:47:47.919Z;Foen Stufe 1;foen_stufe1_001;200;235.9261016845703;0.6464716196060181;137.5772705078125;152.51953125;152.51952906335828;-9.157551765441895;0.9020305275917053;49.98320007324219;1.8081912994384766;47.18647766113281;3
2026-05-19T12:47:48.122Z;Foen Stufe 1;foen_stufe1_001;200;235.85841369628906;0.6463755369186401;137.51800537109375;152.45310974121094;152.4531087897176;-9.149150848388672;0.9020347595214844;49.98320007324219;1.8073761463165283;47.185142517089844;4
2026-05-19T12:47:48.321Z;Foen Stufe 1;foen_stufe1_001;200;235.97048950195312;0.646609365940094;137.64434814453125;152.5807342529297;152.58072859743152;-9.164385795593262;0.9021083116531372;49.98320007324219;1.8061678409576416;47.15045928955078;5
2026-05-19T12:47:48.522Z;Foen Stufe 1;foen_stufe1_001;200;235.9307098388672;0.6465766429901123;137.58120727539062;152.5472869873047;152.547286345889;-9.183959007263184;0.9018921852111816;49.98320007324219;1.7931004762649536;47.20684051513672;5
2026-05-19T12:47:48.723Z;Foen Stufe 1;foen_stufe1_001;200;236.08815002441406;0.6469444036483765;137.77610778808594;152.73590087890625;152.735907425993;-9.20602035522461;0.902054488658905;49.98320007324219;1.8020559549331665;47.18059158325195;7
2026-05-19T12:47:48.924Z;Foen Stufe 1;foen_stufe1_001;200;236.13494873046875;0.6470085382461548;137.8188018798828;152.7813262939453;152.7813280069313;-9.195394515991211;0.9020657539367676;49.98320007324219;1.767745852470398;47.16510009765625;6
2026-05-19T12:47:49.123Z;Foen Stufe 1;foen_stufe1_001;200;235.9463348388672;0.6466678380966187;137.58609008789062;152.5789031982422;152.57890625707114;-9.151835441589355;0.9017373323440552;49.98320007324219;1.7489917278289795;47.2758903503418;4
2026-05-19T12:47:49.327Z;Foen Stufe 1;foen_stufe1_001;200;235.9558563232422;0.6467264890670776;137.61697387695312;152.59890747070312;152.59890253474623;-9.148520469665527;0.901821494102478;49.98320007324219;1.7696110010147095;47.25750732421875;8
2026-05-19T12:47:49.524Z;Foen Stufe 1;foen_stufe1_001;200;236.0421905517578;0.6469314694404602;137.703125;152.703125;152.7031211835938;-9.169869422912598;0.9017701745033264;49.98320007324219;1.775956392288208;47.261566162109375;8
2026-05-19T12:47:49.724Z;Foen Stufe 1;foen_stufe1_001;200;235.8284454345703;0.6463397741317749;137.4462890625;152.42530822753906;152.42530415602778;-9.126595497131348;0.9017288088798523;49.98320007324219;1.759053349494934;47.26821517944336;8
2026-05-19T12:47:49.926Z;Foen Stufe 1;foen_stufe1_001;200;235.9191131591797;0.6464982032775879;137.5658721923828;152.5212860107422;152.5212827762516;-9.170639991760254;0.9019454121589661;49.98320007324219;1.7598273754119873;47.20610809326172;5
2026-05-19T12:47:50.126Z;Foen Stufe 1;foen_stufe1_001;200;235.91238403320312;0.6464213132858276;137.54486083984375;152.49879455566406;152.49879310713368;-9.14271354675293;0.901940643787384;49.98320007324219;1.7940336465835571;47.22592544555664;9
2026-05-19T12:47:50.332Z;Foen Stufe 1;foen_stufe1_001;200;235.96031188964844;0.6465625762939453;137.6088104248047;152.5631103515625;152.56310715849395;-9.164636611938477;0.9019795656204224;49.98320007324219;1.806706190109253;47.21176528930664;6
2026-05-19T12:47:50.534Z;Foen Stufe 1;foen_stufe1_001;200;235.927001953125;0.6464313864707947;137.5489044189453;152.5106201171875;152.51061897845648;-9.160378456115723;0.9018971920013428;49.98320007324219;1.7885427474975586;47.21422576904297;6
2026-05-19T12:47:50.733Z;Foen Stufe 1;foen_stufe1_001;200;235.86956787109375;0.646170437335968;137.46493530273438;152.4119415283203;152.41194182551044;-9.142553329467773;0.9019302129745483;49.98320007324219;1.7841190099716187;47.20441436767578;5
2026-05-19T12:47:50.930Z;Foen Stufe 1;foen_stufe1_001;200;235.88307189941406;0.64633709192276;137.52059936523438;152.45997619628906;152.4599787252746;-9.159646987915039;0.9020111560821533;49.98320007324219;1.8272215127944946;47.200252532958984;6
2026-05-19T12:47:51.132Z;Foen Stufe 1;foen_stufe1_001;200;235.95498657226562;0.6464893817901611;137.59226989746094;152.54238891601562;152.54239339940978;-9.151313781738281;0.9019936919212341;49.98320007324219;1.740056037902832;47.19945526123047;7
2026-05-19T12:47:51.335Z;Foen Stufe 1;foen_stufe1_001;200;235.95216369628906;0.6464728116989136;137.56324768066406;152.53665161132812;152.5366586911823;-9.1421480178833;0.9018373489379883;49.98320007324219;1.759017825126648;47.24259567260742;5
2026-05-19T12:47:51.534Z;Foen Stufe 1;foen_stufe1_001;200;235.91842651367188;0.6463600993156433;137.5374755859375;152.48825073242188;152.48825759176725;-9.128218650817871;0.9019545912742615;49.98320007324219;1.7693513631820679;47.2183837890625;7
2026-05-19T12:47:51.737Z;Foen Stufe 1;foen_stufe1_001;200;235.89369201660156;0.6461848020553589;137.5203399658203;152.43092346191406;152.43091868185547;-9.177411079406738;0.9021813869476318;49.98320007324219;1.8146677017211914;47.14549255371094;8
2026-05-19T12:47:51.939Z;Foen Stufe 1;foen_stufe1_001;200;235.89669799804688;0.6461405754089355;137.503662109375;152.42242431640625;152.4224281815259;-9.129515647888184;0.9021222591400146;49.98320007324219;1.7647663354873657;47.14765930175781;5
2026-05-19T12:47:52.135Z;Foen Stufe 1;foen_stufe1_001;200;235.93109130859375;0.6462346911430359;137.5458526611328;152.46685791015625;152.46685592284848;-9.134993553161621;0.9021360874176025;49.98320007324219;1.7764931917190552;47.15958786010742;6
2026-05-19T12:47:52.335Z;Foen Stufe 1;foen_stufe1_001;200;235.90943908691406;0.6460402607917786;137.50511169433594;152.40699768066406;152.40699555095216;-9.130939483642578;0.9022231101989746;49.98320007324219;1.7799373865127563;47.1343994140625;6
2026-05-19T12:47:52.538Z;Foen Stufe 1;foen_stufe1_001;200;236.00302124023438;0.6461938619613647;137.6036376953125;152.5037078857422;152.50370372977704;-9.158357620239258;0.9022970199584961;49.98320007324219;1.8129417896270752;47.09834671020508;9
2026-05-19T12:47:52.738Z;Foen Stufe 1;foen_stufe1_001;200;235.9713134765625;0.6461642980575562;137.55677795410156;152.4762420654297;152.47623813430255;-9.14441204071045;0.9021521806716919;49.98320007324219;1.789092779159546;47.14606857299805;6
2026-05-19T12:47:52.938Z;Foen Stufe 1;foen_stufe1_001;200;235.9662322998047;0.6461969017982483;137.5570068359375;152.48065185546875;152.48064824113953;-9.162796020507812;0.9021276235580444;49.98320007324219;1.7807526588439941;47.15255355834961;8
2026-05-19T12:47:53.143Z;Foen Stufe 1;foen_stufe1_001;200;235.97157287597656;0.6463157534599304;137.55386352539062;152.51214599609375;152.51214491846167;-9.13326644897461;0.901920735836029;49.98320007324219;1.7260475158691406;47.22328567504883;6
2026-05-19T12:47:53.342Z;Foen Stufe 1;foen_stufe1_001;200;235.8436279296875;0.6460108757019043;137.4091033935547;152.3575439453125;152.35754860757152;-9.10871410369873;0.9018858075141907;49.98320007324219;1.7425427436828613;47.234378814697266;8
2026-05-19T12:47:53.545Z;Foen Stufe 1;foen_stufe1_001;200;235.81790161132812;0.6459217071533203;137.3885498046875;152.3199005126953;152.3199015861028;-9.104043006896973;0.9019737243652344;49.98320007324219;1.7465054988861084;47.223167419433594;6
2026-05-19T12:47:53.742Z;Foen Stufe 1;foen_stufe1_001;200;235.87762451171875;0.6458170413970947;137.41851806640625;152.3337860107422;152.33378959393303;-9.148126602172852;0.9020882248878479;49.98596954345703;1.7910726070404053;47.16017150878906;5
2026-05-19T12:47:53.942Z;Foen Stufe 1;foen_stufe1_001;200;235.91790771484375;0.6459184288978577;137.47817993164062;152.38372802734375;152.38372430004165;-9.158621788024902;0.9021841287612915;49.98596954345703;1.831370234489441;47.133724212646484;5
2026-05-19T12:47:54.143Z;Foen Stufe 1;foen_stufe1_001;200;236.0601348876953;0.6464270353317261;137.64715576171875;152.5956573486328;152.59565315546024;-9.144682884216309;0.9020385146141052;49.98596954345703;1.750055193901062;47.17822265625;6
2026-05-19T12:47:54.345Z;Foen Stufe 1;foen_stufe1_001;200;236.03338623046875;0.6463517546653748;137.61453247070312;152.5605926513672;152.56059334967358;-9.126538276672363;0.9020319581031799;49.98596954345703;1.7236292362213135;47.19913101196289;7
2026-05-19T12:47:54.545Z;Foen Stufe 1;foen_stufe1_001;200;235.98623657226562;0.6462396383285522;137.5482635498047;152.503662109375;152.5036601729771;-9.130746841430664;0.9019341468811035;49.98596954345703;1.7288804054260254;47.224937438964844;6
2026-05-19T12:47:54.747Z;Foen Stufe 1;foen_stufe1_001;200;235.97845458984375;0.646064817905426;137.54811096191406;152.45738220214844;152.45737729419125;-9.144948959350586;0.9022069573402405;49.98596954345703;1.7534865140914917;47.135223388671875;6
2026-05-19T12:47:54.949Z;Foen Stufe 1;foen_stufe1_001;200;236.09060668945312;0.6462629437446594;137.6526641845703;152.5766143798828;152.57661046958856;-9.151668548583984;0.902187168598175;49.98596954345703;1.762389898300171;47.12678909301758;9
2026-05-19T12:47:55.147Z;Foen Stufe 1;foen_stufe1_001;200;237.355224609375;0.6500532031059265;139.18661499023438;154.29351806640625;154.29352403125085;-9.35690689086914;0.9020898342132568;49.98596954345703;1.7901546955108643;47.15012741088867;7
2026-05-19T12:47:55.351Z;Foen Stufe 1;foen_stufe1_001;200;237.36322021484375;0.6498569250106812;139.17086791992188;154.25213623046875;154.2521323994515;-9.432918548583984;0.9022297859191895;49.98596954345703;1.8283114433288574;47.07831954956055;7
2026-05-19T12:47:55.558Z;Foen Stufe 1;foen_stufe1_001;200;237.4108123779297;0.6500975489616394;139.2065887451172;154.34019470214844;154.34018722388373;-9.378896713256836;0.9019464254379272;49.98596954345703;1.7399181127548218;47.193885803222656;7
2026-05-19T12:47:55.754Z;Foen Stufe 1;foen_stufe1_001;200;237.3154754638672;0.6498165726661682;139.07830810546875;154.21153259277344;154.2115289065723;-9.37664794921875;0.9018670916557312;49.98596954345703;1.7514994144439697;47.227230072021484;6
2026-05-19T12:47:55.952Z;Foen Stufe 1;foen_stufe1_001;200;237.36412048339844;0.649921178817749;139.13832092285156;154.26797485351562;154.26796899360852;-9.374590873718262;0.9019261598587036;49.98596954345703;1.76425039768219;47.194007873535156;7
2026-05-19T12:47:56.216Z;Foen Stufe 1;foen_stufe1_001;200;237.33868408203125;0.6496837735176086;139.12228393554688;154.19509887695312;154.19509187611766;-9.370817184448242;0.9022484421730042;49.98596954345703;1.7184462547302246;47.24729537963867;6
2026-05-19T12:47:56.358Z;Foen Stufe 1;foen_stufe1_001;200;237.3116912841797;0.6499799489974976;139.09555053710938;154.2478485107422;154.247840997401;-9.375726699829102;0.9017665386199951;49.98596954345703;1.7184462547302246;47.24729537963867;6
2026-05-19T12:47:56.558Z;Foen Stufe 1;foen_stufe1_001;200;237.24505615234375;0.649832546710968;139.03289794921875;154.1695556640625;154.16955903406415;-9.355817794799805;0.9018180966377258;49.98596954345703;1.7532739639282227;47.22610855102539;6
2026-05-19T12:47:56.759Z;Foen Stufe 1;foen_stufe1_001;200;237.35316467285156;0.650115430355072;139.17515563964844;154.3069610595703;154.30695479742917;-9.382686614990234;0.9019370079040527;49.98596954345703;1.7505112886428833;47.18727111816406;6
2026-05-19T12:47:56.959Z;Foen Stufe 1;foen_stufe1_001;200;237.35865783691406;0.6502233147621155;139.19293212890625;154.3361358642578;154.33613328620504;-9.394174575805664;0.9018816947937012;49.98596954345703;1.7512152194976807;47.21656036376953;6
2026-05-19T12:47:57.159Z;Foen Stufe 1;foen_stufe1_001;200;237.18153381347656;0.6495149731636047;138.9611053466797;154.05296325683594;154.05295756976284;-9.36348819732666;0.9020346403121948;49.98596954345703;1.7822139263153076;47.15867233276367;6
2026-05-19T12:47:57.359Z;Foen Stufe 1;foen_stufe1_001;200;237.34536743164062;0.6500365734100342;139.1797637939453;154.28317260742188;154.2831693600092;-9.383408546447754;0.9021059274673462;49.98596954345703;1.7585947513580322;47.12734603881836;6
2026-05-19T12:47:57.561Z;Foen Stufe 1;foen_stufe1_001;200;237.3296356201172;0.649945080280304;139.16455078125;154.25123596191406;154.25122907601235;-9.39559268951416;0.902194082736969;49.98596954345703;1.76468026638031;47.112606048583984;5
2026-05-19T12:47:57.761Z;Foen Stufe 1;foen_stufe1_001;200;237.27366638183594;0.6498730182647705;139.1121063232422;154.19775390625;154.19775372631193;-9.38566780090332;0.9021669030189514;49.98596954345703;1.7741622924804688;47.13521957397461;6
2026-05-19T12:47:57.963Z;Foen Stufe 1;foen_stufe1_001;200;237.29052734375;0.6498537063598633;139.12852478027344;154.20413208007812;154.20412867842242;-9.39233112335205;0.9022360444068909;49.98596954345703;1.7969433069229126;47.098995208740234;5
2026-05-19T12:47:58.164Z;Foen Stufe 1;foen_stufe1_001;200;237.3343048095703;0.6500160098075867;139.1830596923828;154.27110290527344;154.27109780277442;-9.380698204040527;0.9021978378295898;49.98596954345703;1.7529566287994385;47.10761642456055;4
2026-05-19T12:47:58.366Z;Foen Stufe 1;foen_stufe1_001;200;237.26690673828125;0.6497674584388733;139.0843505859375;154.16831970214844;154.1683149629862;-9.367862701416016;0.9021590948104858;49.98596954345703;1.7410755157470703;47.135074615478516;6
2026-05-19T12:47:58.570Z;Foen Stufe 1;foen_stufe1_001;200;237.28533935546875;0.6498448848724365;139.10406494140625;154.19866943359375;154.19866403537162;-9.367134094238281;0.9021093845367432;49.98596954345703;1.7555140256881714;47.12135314941406;8
2026-05-19T12:47:58.769Z;Foen Stufe 1;foen_stufe1_001;200;237.34727478027344;0.6499926447868347;139.1758270263672;154.27398681640625;154.27398286737753;-9.390402793884277;0.902134120464325;49.98596954345703;1.7375991344451904;47.14289855957031;11
2026-05-19T12:47:58.969Z;Foen Stufe 1;foen_stufe1_001;200;237.21434020996094;0.6496466994285583;139.02633666992188;154.1055145263672;154.10551317452428;-9.357831954956055;0.9021503329277039;49.98596954345703;1.75327730178833;47.138465881347656;6
2026-05-19T12:47:59.166Z;Foen Stufe 1;foen_stufe1_001;200;237.34722900390625;0.6500305533409119;139.18064880371094;154.28294372558594;154.2829506033413;-9.36655330657959;0.9021130204200745;49.98596954345703;1.7152825593948364;47.170867919921875;6
2026-05-19T12:47:59.369Z;Foen Stufe 1;foen_stufe1_001;200;237.22418212890625;0.6497694849967957;139.03599548339844;154.1410369873047;154.14103465068547;-9.371994972229004;0.9020050764083862;49.98596954345703;1.757792353630066;47.133419036865234;7
2026-05-19T12:47:59.570Z;Foen Stufe 1;foen_stufe1_001;200;237.33251953125;0.6498329043388367;139.1279296875;154.2264862060547;154.22648046104587;-9.374600410461426;0.9021013975143433;49.98596954345703;1.733798861503601;47.14323425292969;6
2026-05-19T12:47:59.770Z;Foen Stufe 1;foen_stufe1_001;200;237.25906372070312;0.6497175097465515;139.06011962890625;154.1513671875;154.15136804541362;-9.371707916259766;0.9021010994911194;49.98596954345703;1.7785508632659912;47.077301025390625;6
2026-05-19T12:47:59.972Z;Foen Stufe 1;foen_stufe1_001;200;237.2082977294922;0.6496508121490479;139.04293823242188;154.10256958007812;154.10256326845774;-9.40282917022705;0.9022752642631531;49.98596954345703;1.7509022951126099;47.092933654785156;6
2026-05-19T12:48:00.174Z;Foen Stufe 1;foen_stufe1_001;200;237.19810485839844;0.6495677828788757;139.0138397216797;154.0762481689453;154.07624707594096;-9.360892295837402;0.9022405743598938;49.98596954345703;1.7363166809082031;47.10139083862305;9
2026-05-19T12:48:00.375Z;Foen Stufe 1;foen_stufe1_001;200;237.26327514648438;0.6500702500343323;139.11460876464844;154.23779296875;154.23779659843967;-9.376792907714844;0.9019489288330078;49.98596954345703;1.6898642778396606;47.18761444091797;8
2026-05-19T12:48:00.578Z;Foen Stufe 1;foen_stufe1_001;200;237.2013397216797;0.6497156023979187;139.0111541748047;154.11341857910156;154.11341132686448;-9.403118133544922;0.9020054936408997;49.98596954345703;1.750244379043579;47.168392181396484;6
2026-05-19T12:48:00.779Z;Foen Stufe 1;foen_stufe1_001;200;237.23899841308594;0.6500023007392883;139.09072875976562;154.20590209960938;154.20589479359023;-9.378844261169434;0.9019805788993835;49.98596954345703;1.6994293928146362;47.19001770019531;5
2026-05-19T12:48:00.978Z;Foen Stufe 1;foen_stufe1_001;200;237.333740234375;0.6503133177757263;139.20057678222656;154.34129333496094;154.3412920319388;-9.366904258728027;0.9019010663032532;49.98596954345703;1.7106918096542358;47.230224609375;6
2026-05-19T12:48:01.184Z;Foen Stufe 1;foen_stufe1_001;200;237.2557373046875;0.6499958634376526;139.0760498046875;154.21524047851562;154.21524782489723;-9.348204612731934;0.901830792427063;49.98596954345703;1.6971681118011475;47.23549270629883;6
2026-05-19T12:48:01.383Z;Foen Stufe 1;foen_stufe1_001;200;237.21487426757812;0.6497507691383362;139.02992248535156;154.13055419921875;154.1305470064126;-9.385974884033203;0.9020270109176636;49.98596954345703;1.7806808948516846;47.16233825683594;6
2026-05-19T12:48:01.585Z;Foen Stufe 1;foen_stufe1_001;200;237.34129333496094;0.6502065658569336;139.16941833496094;154.32086181640625;154.32086727536807;-9.372262954711914;0.901818573474884;49.98596954345703;1.7186717987060547;47.23448181152344;5
2026-05-19T12:48:01.785Z;Foen Stufe 1;foen_stufe1_001;200;237.3647003173828;0.6503573656082153;139.20816040039062;154.37188720703125;154.3718811867966;-9.365495681762695;0.9017714262008667;49.98596954345703;1.7057011127471924;47.247928619384766;5
2026-05-19T12:48:01.985Z;Foen Stufe 1;foen_stufe1_001;200;237.34544372558594;0.6503669619560242;139.19447326660156;154.36163330078125;154.36163516991382;-9.359273910522461;0.901742696762085;49.98596954345703;1.7067259550094604;47.2606315612793;4
2026-05-19T12:48:02.185Z;Foen Stufe 1;foen_stufe1_001;200;237.41256713867188;0.6505968570709229;139.2635040283203;154.45986938476562;154.45987000955938;-9.375214576721191;0.901616096496582;49.98596954345703;1.709712266921997;47.303489685058594;5
2026-05-19T12:48:02.387Z;Foen Stufe 1;foen_stufe1_001;200;237.33226013183594;0.6502031683921814;139.17431640625;154.31419372558594;154.31418749939712;-9.38380241394043;0.9018892645835876;49.98596954345703;1.733581304550171;47.2268180847168;5
2026-05-19T12:48:02.590Z;Foen Stufe 1;foen_stufe1_001;200;237.4034423828125;0.6504684686660767;139.22808837890625;154.42344665527344;154.4234536228032;-9.374337196350098;0.9015994071960449;49.98596954345703;1.6913824081420898;47.292266845703125;5
2026-05-19T12:48:02.790Z;Foen Stufe 1;foen_stufe1_001;200;237.42681884765625;0.6506621241569519;139.28372192382812;154.48463439941406;154.48463828324384;-9.381967544555664;0.9016024470329285;49.98596954345703;1.6934921741485596;47.301025390625;3
2026-05-19T12:48:02.990Z;Foen Stufe 1;foen_stufe1_001;200;237.39881896972656;0.6504865884780884;139.2540283203125;154.42474365234375;154.42474786034472;-9.38730525970459;0.9017598032951355;49.98596954345703;1.721681833267212;47.259315490722656;6
2026-05-19T12:48:03.191Z;Foen Stufe 1;foen_stufe1_001;200;237.42779541015625;0.6504148244857788;139.26512145996094;154.4265594482422;154.42655787974218;-9.401354789733887;0.9018210172653198;49.98596954345703;1.7584028244018555;47.235435485839844;4
2026-05-19T12:48:03.392Z;Foen Stufe 1;foen_stufe1_001;200;237.3581085205078;0.6502726674079895;139.1808319091797;154.3474884033203;154.34749035854566;-9.374866485595703;0.9017369151115417;49.98596954345703;1.7333835363388062;47.255165100097656;7
2026-05-19T12:48:03.590Z;Foen Stufe 1;foen_stufe1_001;200;237.39544677734375;0.6504596471786499;139.23377990722656;154.41615295410156;154.41615855260898;-9.372160911560059;0.9016788601875305;49.986759185791016;1.6969656944274902;47.28263473510742;4
2026-05-19T12:48:03.791Z;Foen Stufe 1;foen_stufe1_001;200;237.3342742919922;0.6502266526222229;139.16012573242188;154.32107543945312;154.32107072540657;-9.370521545410156;0.9017571210861206;49.986759185791016;1.7163783311843872;47.263309478759766;4
2026-05-19T12:48:03.993Z;Foen Stufe 1;foen_stufe1_001;200;237.31565856933594;0.650244414806366;139.12051391601562;154.3131866455078;154.3131815308052;-9.342212677001953;0.9015464782714844;49.986759185791016;1.6920099258422852;47.325992584228516;4
2026-05-19T12:48:04.194Z;Foen Stufe 1;foen_stufe1_001;200;237.34165954589844;0.6503055691719055;139.1809844970703;154.3446044921875;154.3446029992001;-9.358688354492188;0.9017547965049744;49.986759185791016;1.6845471858978271;47.26725387573242;6
2026-05-19T12:48:04.393Z;Foen Stufe 1;foen_stufe1_001;200;237.44375610351562;0.6506186127662659;139.30441284179688;154.48532104492188;154.4853272060809;-9.381623268127441;0.9017323851585388;49.986759185791016;1.7061086893081665;47.27659606933594;5
2026-05-19T12:48:04.595Z;Foen Stufe 1;foen_stufe1_001;200;237.44912719726562;0.6504077911376953;139.27200317382812;154.4387664794922;154.4387623279472;-9.387060165405273;0.9017943143844604;49.986759185791016;1.7492458820343018;47.240150451660156;6
2026-05-19T12:48:04.797Z;Foen Stufe 1;foen_stufe1_001;200;237.43675231933594;0.6503403782844543;139.25218200683594;154.41470336914062;154.41470732198923;-9.374726295471191;0.9018064737319946;49.986759185791016;1.726401448249817;47.22764587402344;4
2026-05-19T12:48:04.997Z;Foen Stufe 1;foen_stufe1_001;200;237.77536010742188;0.3056601881980896;24.568641662597656;72.67845916748047;72.6784613193031;-1.2675824165344238;0.33804571628570557;49.986759185791016;1.7283324003219604;56.760223388671875;4
2026-05-19T12:48:05.202Z;Foen Stufe 1;foen_stufe1_001;200;237.84303283691406;0.020773954689502716;-0.13098755478858948;4.9409403800964355;4.940940387367959;-1.8541972637176514;0.026510652154684067;49.986759185791016;1.7062187194824219;20.035921096801758;5
2026-05-19T12:48:05.401Z;Foen Stufe 1;foen_stufe1_001;200;237.781982421875;0.011568398214876652;-0.02832951582968235;2.7507567405700684;2.75075666097905;-1.692053198814392;0.010298808105289936;49.986759185791016;1.7325410842895508;14.865556716918945;5
2026-05-19T12:48:05.603Z;Foen Stufe 1;foen_stufe1_001;200;237.773193359375;0.008831588551402092;0.006656537298113108;2.099915027618408;2.099915012302972;-1.6348235607147217;0.0031699079554528;49.986759185791016;1.763434886932373;13.790692329406738;7
2026-05-19T12:48:05.807Z;Foen Stufe 1;foen_stufe1_001;200;237.82057189941406;0.007764454465359449;0.03073929436504841;1.84654700756073;1.8465470014387435;-1.6078604459762573;0.01664690673351288;49.986759185791016;1.7428457736968994;13.374486923217773;16
2026-05-19T12:48:06.019Z;Foen Stufe 1;foen_stufe1_001;200;237.84556579589844;0.007279218174517155;0.043059274554252625;1.7313297986984253;1.7313297652698196;-1.5971910953521729;0.02487063594162464;49.986759185791016;1.7302494049072266;13.005213737487793;17
2026-05-19T12:48:06.213Z;Foen Stufe 1;foen_stufe1_001;200;237.8462677001953;0.007012831512838602;0.04768542945384979;1.6679757833480835;1.6679758013389758;-1.5799673795700073;0.028588801622390747;49.986759185791016;1.735255479812622;12.838191986083984;9
2026-05-19T12:48:06.422Z;Foen Stufe 1;foen_stufe1_001;200;237.91456604003906;0.006873217411339283;0.047746628522872925;1.635238528251648;1.6352385377176262;-1.5760300159454346;0.029198572039604187;49.986759185791016;1.7188644409179688;13.099175453186035;6
2026-05-19T12:48:06.607Z;Foen Stufe 1;foen_stufe1_001;200;237.8756866455078;0.006782899610698223;0.05421292409300804;1.613486886024475;1.6134869023423875;-1.5705708265304565;0.033599853515625;49.986759185791016;1.7484380006790161;13.095587730407715;5
2026-05-19T12:48:06.807Z;Foen Stufe 1;foen_stufe1_001;200;237.81173706054688;0.006708179600536823;0.06325522810220718;1.59528386592865;1.5952838433177874;-1.562430739402771;0.03965139389038086;49.986759185791016;1.752986192703247;12.599658966064453;4
2026-05-19T12:48:07.008Z;Foen Stufe 1;foen_stufe1_001;200;237.8065948486328;0.006694589741528034;0.05361686274409294;1.5920175313949585;1.5920175903413707;-1.5650547742843628;0.0336785614490509;49.986759185791016;1.7562519311904907;13.093013763427734;5
2026-05-19T12:48:07.209Z;Foen Stufe 1;foen_stufe1_001;200;237.860107421875;0.006682747974991798;0.0570373460650444;1.5895591974258423;1.5895591512048668;-1.5658930540084839;0.03588249161839485;49.986759185791016;1.7192991971969604;12.995931625366211;4
2026-05-19T12:48:07.410Z;Foen Stufe 1;foen_stufe1_001;200;237.82638549804688;0.006634065415710211;0.0659942626953125;1.5777558088302612;1.5777557989759572;-1.5573185682296753;0.04182793200016022;49.986759185791016;1.7293009757995605;12.648649215698242;4
2026-05-19T12:48:07.612Z;Foen Stufe 1;foen_stufe1_001;200;237.71632385253906;0.006628849543631077;0.06223846971988678;1.575785756111145;1.5757857448835608;-1.5571725368499756;0.039496783167123795;49.986759185791016;1.7707217931747437;12.700550079345703;6
2026-05-19T12:48:07.812Z;Foen Stufe 1;foen_stufe1_001;200;237.83126831054688;0.00662221061065793;0.053854864090681076;1.574968695640564;1.5749687485523367;-1.5572834014892578;0.03419424593448639;49.986759185791016;1.7215265035629272;12.81609058380127;4
2026-05-19T12:48:08.013Z;Foen Stufe 1;foen_stufe1_001;200;237.88525390625;0.0066268411464989185;0.06359540671110153;1.5764278173446655;1.57642778873128;-1.5597219467163086;0.040341462939977646;49.986759185791016;1.7373859882354736;12.730717658996582;6
2026-05-19T12:48:08.214Z;Foen Stufe 1;foen_stufe1_001;200;237.81307983398438;0.0066131786443293095;0.06015880033373833;1.5727003812789917;1.5727003809002866;-1.5566409826278687;0.03825191408395767;49.986759185791016;1.704474687576294;12.78878116607666;4
2026-05-19T12:48:08.414Z;Foen Stufe 1;foen_stufe1_001;200;237.85052490234375;0.006609165109694004;0.06036967784166336;1.571993350982666;1.5719933905069752;-1.5569181442260742;0.03840326517820358;49.986759185791016;1.7093127965927124;12.682169914245605;5
2026-05-19T12:48:08.616Z;Foen Stufe 1;foen_stufe1_001;200;237.87950134277344;0.006614014506340027;0.059449754655361176;1.573338508605957;1.5733384726420354;-1.558403730392456;0.03778573498129845;49.986759185791016;1.6989257335662842;12.655726432800293;5
2026-05-19T12:48:08.818Z;Foen Stufe 1;foen_stufe1_001;200;237.86080932617188;0.006601845845580101;0.06873602420091629;1.5703203678131104;1.5703203958763083;-1.5559052228927612;0.04377197474241257;49.986759185791016;1.6966259479522705;12.608612060546875;7
2026-05-19T12:48:09.017Z;Foen Stufe 1;foen_stufe1_001;200;237.8922576904297;0.006584541406482458;0.07026908546686172;1.5664113759994507;1.5664114210442293;-1.551106333732605;0.04485991597175598;49.986759185791016;1.7252588272094727;13.05142593383789;5
2026-05-19T12:48:09.218Z;Foen Stufe 1;foen_stufe1_001;200;238.01210021972656;0.006622114218771458;0.07151386141777039;1.5761432647705078;1.5761433131047085;-1.5609986782073975;0.04537269100546837;49.986759185791016;1.7353240251541138;12.896317481994629;5
2026-05-19T12:48:09.428Z;Foen Stufe 1;foen_stufe1_001;200;237.872802734375;0.00661093695089221;0.0673033818602562;1.5725620985031128;1.5725621012089732;-1.555726170539856;0.04279855266213417;49.986759185791016;1.7359284162521362;12.805935859680176;3
2026-05-19T12:48:09.619Z;Foen Stufe 1;foen_stufe1_001;200;237.87806701660156;0.006626475602388382;0.06283295899629593;1.5762932300567627;1.5762932074288187;-1.5621720552444458;0.03986121341586113;49.986759185791016;1.7284743785858154;12.586833953857422;4
2026-05-19T12:48:09.823Z;Foen Stufe 1;foen_stufe1_001;200;237.8870086669922;0.006656833924353123;0.06694673746824265;1.5835742950439453;1.583574309457319;-1.569048285484314;0.04227571561932564;49.986759185791016;1.7817577123641968;12.881986618041992;5
2026-05-19T12:48:10.024Z;Foen Stufe 1;foen_stufe1_001;200;237.9527587890625;0.006659541744738817;0.060851022601127625;1.5846563577651978;1.5846563304315282;-1.570386528968811;0.03840013965964317;49.986759185791016;1.698843002319336;12.777606964111328;5
2026-05-19T12:48:10.226Z;Foen Stufe 1;foen_stufe1_001;200;237.9146270751953;0.0066659231670200825;0.06670279055833817;1.5859205722808838;1.5859206243934878;-1.5722578763961792;0.04205935075879097;49.986759185791016;1.7163630723953247;12.635090827941895;4
2026-05-19T12:48:10.427Z;Foen Stufe 1;foen_stufe1_001;200;237.8070068359375;0.006667152978479862;0.0651073083281517;1.5854957103729248;1.5854956939296017;-1.5712553262710571;0.041064321994781494;49.986759185791016;1.761580228805542;12.90914249420166;4
2026-05-19T12:48:10.630Z;Foen Stufe 1;foen_stufe1_001;200;237.9232635498047;0.006648180540651083;0.056150294840335846;1.581756830215454;1.5817568109000106;-1.5671632289886475;0.035498689860105515;49.986759185791016;1.7842814922332764;13.456584930419922;6
2026-05-19T12:48:10.829Z;Foen Stufe 1;foen_stufe1_001;200;237.9552764892578;0.006662842817604542;0.06729180365800858;1.5854586362838745;1.5854586048675543;-1.571695327758789;0.04244311526417732;49.986759185791016;1.713365912437439;12.826959609985352;10
2026-05-19T12:48:11.029Z;Foen Stufe 1;foen_stufe1_001;200;237.9105987548828;0.006654603872448206;0.05990515276789665;1.5832008123397827;1.5832007917707145;-1.5692819356918335;0.03783800080418587;49.986759185791016;1.7245937585830688;12.926716804504395;22
2026-05-19T12:48:11.231Z;Foen Stufe 1;foen_stufe1_001;200;237.86520385742188;0.006682411767542362;0.06997748464345932;1.5895131826400757;1.5895132373456988;-1.5755324363708496;0.044024474918842316;49.986759185791016;1.7523189783096313;12.769582748413086;5
2026-05-19T12:48:11.431Z;Foen Stufe 1;foen_stufe1_001;200;237.86903381347656;0.006667525973170996;0.06613858789205551;1.5859979391098022;1.5859979611644448;-1.5716607570648193;0.041701558977365494;49.986759185791016;1.7551405429840088;12.98335075378418;4
2026-05-19T12:48:11.633Z;Foen Stufe 1;foen_stufe1_001;200;237.75315856933594;0.006665774621069431;0.06166714429855347;1.5848089456558228;1.5848089704705757;-1.5700362920761108;0.03891140595078468;49.986759185791016;1.7686718702316284;13.255556106567383;5
2026-05-19T12:48:11.836Z;Foen Stufe 1;foen_stufe1_001;200;237.85617065429688;0.006654401309788227;0.0750056654214859;1.5827903747558594;1.5827904135431652;-1.5682803392410278;0.04738824814558029;49.986759185791016;1.7492321729660034;12.842960357666016;6
2026-05-19T12:48:12.040Z;Foen Stufe 1;foen_stufe1_001;200;237.7101593017578;0.006654716096818447;0.06152687966823578;1.5818936824798584;1.581893623482685;-1.5677112340927124;0.038894448429346085;49.986759185791016;1.7356295585632324;13.235068321228027;4
2026-05-19T12:48:12.239Z;Foen Stufe 1;foen_stufe1_001;200;237.82481384277344;0.006649659015238285;0.07066038250923157;1.5814539194107056;1.5814539174169653;-1.5669876337051392;0.0446806475520134;49.986759185791016;1.758759617805481;13.058650970458984;4
2026-05-19T12:48:12.439Z;Foen Stufe 1;foen_stufe1_001;200;237.8858642578125;0.006651851814240217;0.06920740008354187;1.5823814868927002;1.5823815177454321;-1.567891001701355;0.043736230581998825;49.986759185791016;1.7659451961517334;13.297889709472656;5
2026-05-19T12:48:12.639Z;Foen Stufe 1;foen_stufe1_001;200;237.8070526123047;0.006661093793809414;0.06167331337928772;1.5840550661087036;1.5840550822799315;-1.569494605064392;0.03893381729722023;49.986759185791016;1.7692731618881226;13.398805618286133;11
2026-05-19T12:48:12.838Z;Foen Stufe 1;foen_stufe1_001;200;237.99179077148438;0.006658708676695824;0.07546676695346832;1.5847179889678955;1.58471800219246;-1.570591926574707;0.04762157425284386;49.986759185791016;1.7458279132843018;12.65106201171875;5
2026-05-19T12:48:13.040Z;Foen Stufe 1;foen_stufe1_001;200;237.95269775390625;0.00667246850207448;0.07028533518314362;1.5877318382263184;1.5877318807465883;-1.573931336402893;0.04426776245236397;49.986759185791016;1.72726571559906;12.628042221069336;7
2026-05-19T12:48:13.243Z;Foen Stufe 1;foen_stufe1_001;200;237.87554931640625;0.006660214625298977;0.07080644369125366;1.5843021869659424;1.584302212558157;-1.5702627897262573;0.044692512601614;49.986759185791016;1.7384949922561646;12.771071434020996;5
2026-05-19T12:48:13.442Z;Foen Stufe 1;foen_stufe1_001;200;237.82521057128906;0.006666254717856646;0.06206078827381134;1.5854034423828125;1.585403431996106;-1.5701700448989868;0.03914510831236839;49.986759185791016;1.7696778774261475;13.068842887878418;5
2026-05-19T12:48:13.644Z;Foen Stufe 1;foen_stufe1_001;200;237.7784881591797;0.0066605363972485065;0.06808756291866302;1.5837322473526;1.5837322748669393;-1.5702664852142334;0.04299183934926987;49.99266052246094;1.7400625944137573;12.64832878112793;4
2026-05-19T12:48:13.844Z;Foen Stufe 1;foen_stufe1_001;200;237.88888549804688;0.006657557561993599;0.07130993902683258;1.5837589502334595;1.5837589485617514;-1.5695536136627197;0.04502575099468231;49.99266052246094;1.7151432037353516;12.800826072692871;5
2026-05-19T12:48:14.043Z;Foen Stufe 1;foen_stufe1_001;200;237.8431854248047;0.00665000407025218;0.06662015616893768;1.581658124923706;1.5816581511566952;-1.5675830841064453;0.04212045297026634;49.99266052246094;1.7176399230957031;12.980602264404297;5
2026-05-19T12:48:14.246Z;Foen Stufe 1;foen_stufe1_001;200;237.87295532226562;0.006652604788541794;0.0684007927775383;1.582474708557129;1.5824747616414925;-1.5688587427139282;0.04322393983602524;49.99266052246094;1.734901785850525;12.600295066833496;5
2026-05-19T12:48:14.447Z;Foen Stufe 1;foen_stufe1_001;200;237.7838592529297;0.006677604280412197;0.07162996381521225;1.5878264904022217;1.5878265163602947;-1.5735485553741455;0.04511195793747902;49.99266052246094;1.8307406902313232;12.926268577575684;5
2026-05-19T12:48:14.648Z;Foen Stufe 1;foen_stufe1_001;200;237.7576904296875;0.006644056178629398;0.060115911066532135;1.5796754360198975;1.579675452116021;-1.566137433052063;0.03805586323142052;49.99266052246094;1.7921007871627808;12.925248146057129;5
2026-05-19T12:48:14.849Z;Foen Stufe 1;foen_stufe1_001;200;237.7088623046875;0.006651934701949358;0.06205371767282486;1.5812238454818726;1.5812238301254524;-1.5673913955688477;0.03924410790205002;49.99266052246094;1.7402602434158325;13.059501647949219;5
2026-05-19T12:48:15.049Z;Foen Stufe 1;foen_stufe1_001;200;237.79660034179688;0.006661154329776764;0.07411783933639526;1.5839998722076416;1.583999853972955;-1.5703705549240112;0.04679156839847565;49.99266052246094;1.7288247346878052;12.450782775878906;5
2026-05-19T12:48:15.252Z;Foen Stufe 1;foen_stufe1_001;200;237.7918701171875;0.00665690004825592;0.07329649478197098;1.5829566717147827;1.582956711657971;-1.5691238641738892;0.046303536742925644;49.99266052246094;1.7243196964263916;12.610695838928223;6
2026-05-19T12:48:15.453Z;Foen Stufe 1;foen_stufe1_001;200;237.7564239501953;0.006668160669505596;0.06613009423017502;1.5853980779647827;1.5853980351069907;-1.571996808052063;0.04171198233962059;49.99266052246094;1.725144624710083;12.449461936950684;4
2026-05-19T12:48:15.655Z;Foen Stufe 1;foen_stufe1_001;200;237.83360290527344;0.006658733356744051;0.0673302412033081;1.5836704969406128;1.583670545019963;-1.5700156688690186;0.042515307664871216;49.99266052246094;1.7411103248596191;12.628151893615723;6
2026-05-19T12:48:15.855Z;Foen Stufe 1;foen_stufe1_001;200;237.7152862548828;0.006671146024018526;0.06439031660556793;1.5858334302902222;1.5858333867476873;-1.5712319612503052;0.040603455156087875;49.99266052246094;1.753617286682129;13.204318046569824;6
2026-05-19T12:48:16.059Z;Foen Stufe 1;foen_stufe1_001;200;237.7034149169922;0.006688287481665611;0.06986110657453537;1.5898287296295166;1.5898287743384856;-1.5759695768356323;0.043942537158727646;49.99266052246094;1.729273796081543;12.93237018585205;6
2026-05-19T12:48:16.256Z;Foen Stufe 1;foen_stufe1_001;200;237.7032012939453;0.006682503968477249;0.07187829166650772;1.5884525775909424;1.588452585966536;-1.5743716955184937;0.04525051265954971;49.99266052246094;1.7326017618179321;12.563040733337402;4
2026-05-19T12:48:16.458Z;Foen Stufe 1;foen_stufe1_001;200;237.76023864746094;0.006678511388599873;0.0671449825167656;1.5878844261169434;1.5878844615632914;-1.5730477571487427;0.04228581115603447;49.99266052246094;1.7386032342910767;13.270171165466309;6
2026-05-19T12:48:16.657Z;Foen Stufe 1;foen_stufe1_001;200;237.8586883544922;0.0066545940935611725;0.06783971190452576;1.582853078842163;1.5828530226260114;-1.5690438747406006;0.04285913333296776;49.99266052246094;1.7428878545761108;12.829319953918457;5
2026-05-19T12:48:16.859Z;Foen Stufe 1;foen_stufe1_001;200;237.94837951660156;0.0066748415119946;0.07454539835453033;1.5882676839828491;1.5882677213092578;-1.5738831758499146;0.046935033053159714;49.99266052246094;1.7303884029388428;12.890103340148926;5
2026-05-19T12:48:17.060Z;Foen Stufe 1;foen_stufe1_001;200;237.81163024902344;0.006662460975348949;0.07055193930864334;1.5844106674194336;1.5844107060182324;-1.5702487230300903;0.04452881962060928;49.99266052246094;1.7873002290725708;12.919217109680176;5
2026-05-19T12:48:17.261Z;Foen Stufe 1;foen_stufe1_001;200;237.9801483154297;0.0066606467589735985;0.06401707977056503;1.5851017236709595;1.585101703577223;-1.5708410739898682;0.040386732667684555;49.99266052246094;1.7256176471710205;13.130217552185059;4
2026-05-19T12:48:17.462Z;Foen Stufe 1;foen_stufe1_001;200;238.14529418945312;0.006668564397841692;0.07910674065351486;1.5880872011184692;1.588087230345323;-1.5727450847625732;0.049812592566013336;49.99266052246094;1.7305357456207275;11.971254348754883;4
2026-05-19T12:48:17.663Z;Foen Stufe 1;foen_stufe1_001;200;237.99636840820312;0.006673168856650591;0.07432809472084045;1.588189959526062;1.5881899536575617;-1.5741589069366455;0.04680050536990166;49.99266052246094;1.7415456771850586;12.498886108398438;6
2026-05-19T12:48:17.864Z;Foen Stufe 1;foen_stufe1_001;200;237.94456481933594;0.00668999133631587;0.07354282587766647;1.5918470621109009;1.5918470771648074;-1.5764744281768799;0.046199679374694824;49.99266052246094;1.814402461051941;13.501165390014648;5
2026-05-19T12:48:18.065Z;Foen Stufe 1;foen_stufe1_001;200;238.04678344726562;0.006668227259069681;0.06482133269309998;1.5873500108718872;1.587350050316914;-1.5725677013397217;0.04083619266748428;49.99266052246094;1.7467190027236938;13.28281021118164;4
2026-05-19T12:48:18.271Z;Foen Stufe 1;foen_stufe1_001;200;237.99853515625;0.006668717600405216;0.0661381408572197;1.5871449708938599;1.587145020267144;-1.5739539861679077;0.04167114198207855;49.99266052246094;1.7482320070266724;12.570730209350586;5
2026-05-19T12:48:18.468Z;Foen Stufe 1;foen_stufe1_001;200;237.87049865722656;0.006691457238048315;0.07178473472595215;1.5917003154754639;1.5917002699580607;-1.5771986246109009;0.0450994037091732;49.99266052246094;1.7726041078567505;12.885477066040039;4
2026-05-19T12:48:18.668Z;Foen Stufe 1;foen_stufe1_001;200;237.8938446044922;0.006660100072622299;0.07235749810934067;1.5843968391418457;1.5843968117267764;-1.570762038230896;0.045668795704841614;49.99266052246094;1.7393158674240112;12.489143371582031;4
2026-05-19T12:48:18.868Z;Foen Stufe 1;foen_stufe1_001;200;237.9512481689453;0.006658212281763554;0.07407830655574799;1.5843299627304077;1.584329923019439;-1.5702937841415405;0.046756867319345474;49.99266052246094;1.7409639358520508;12.537956237792969;6
2026-05-19T12:48:19.070Z;Foen Stufe 1;foen_stufe1_001;200;237.9487762451172;0.006653063464909792;0.07075320184230804;1.5830882787704468;1.5830883097563841;-1.5690206289291382;0.044693149626255035;49.99266052246094;1.7422845363616943;12.676033020019531;4
2026-05-19T12:48:19.270Z;Foen Stufe 1;foen_stufe1_001;200;237.90122985839844;0.006650168914347887;0.07685079425573349;1.5820833444595337;1.5820833634894527;-1.5668071508407593;0.048575691878795624;49.99266052246094;1.7542755603790283;13.324853897094727;5
2026-05-19T12:48:19.471Z;Foen Stufe 1;foen_stufe1_001;200;237.93380737304688;0.006614373996853828;0.07437678426504135;1.5737831592559814;1.573783188460709;-1.5597201585769653;0.0472598671913147;49.99266052246094;1.7633695602416992;12.864859580993652;5
2026-05-19T12:48:19.674Z;Foen Stufe 1;foen_stufe1_001;200;237.9364776611328;0.006669178139418364;0.07037408649921417;1.5868407487869263;1.5868407553878328;-1.5721021890640259;0.04434854909777641;49.99266052246094;1.7635023593902588;13.092811584472656;4
2026-05-19T12:48:19.874Z;Foen Stufe 1;foen_stufe1_001;200;237.9611358642578;0.006668501999229193;0.06808514893054962;1.5868443250656128;1.5868443102496528;-1.5727816820144653;0.042906004935503006;49.99266052246094;1.756452202796936;12.966537475585938;4
2026-05-19T12:48:20.075Z;Foen Stufe 1;foen_stufe1_001;200;238.05862426757812;0.006671807263046503;0.06904207170009613;1.588281273841858;1.5882812584192862;-1.5735708475112915;0.04346967488527298;49.99266052246094;1.7503999471664429;13.072622299194336;4
2026-05-19T12:48:20.276Z;Foen Stufe 1;foen_stufe1_001;200;238.0380859375;0.006671340204775333;0.06737265735864639;1.5880330801010132;1.5880330529826097;-1.5739469528198242;0.04242522269487381;49.99266052246094;1.755479335784912;13.081232070922852;4
2026-05-19T12:48:20.476Z;Foen Stufe 1;foen_stufe1_001;200;238.04978942871094;0.006689292844384909;0.0710492953658104;1.592384696006775;1.5923847530328104;-1.5782723426818848;0.04461817443370819;49.99266052246094;1.7562443017959595;12.851384162902832;4
2026-05-19T12:48:20.677Z;Foen Stufe 1;foen_stufe1_001;200;237.96768188476562;0.0066826422698795795;0.0683508813381195;1.5902528762817383;1.5902528898283919;-1.5756080150604248;0.042981140315532684;49.99266052246094;1.7576428651809692;13.294474601745605;4
2026-05-19T12:48:20.879Z;Foen Stufe 1;foen_stufe1_001;200;237.99560546875;0.00666865473613143;0.0727938711643219;1.5871105194091797;1.5871105215876469;-1.5731712579727173;0.045865658670663834;49.99266052246094;1.755435585975647;12.796703338623047;8
2026-05-19T12:48:21.080Z;Foen Stufe 1;foen_stufe1_001;200;238.0191192626953;0.006662622094154358;0.06495559215545654;1.5858314037322998;1.585831442830795;-1.5715252161026;0.04095996171236038;49.99266052246094;1.7410496473312378;13.124412536621094;6
2026-05-19T12:48:21.280Z;Foen Stufe 1;foen_stufe1_001;200;237.9916229248047;0.006685742177069187;0.07213139533996582;1.5911506414413452;1.5911506311775128;-1.5762816667556763;0.04533285275101662;49.99266052246094;1.7861850261688232;13.128155708312988;7
2026-05-19T12:48:21.480Z;Foen Stufe 1;foen_stufe1_001;200;237.88656616210938;0.006674332078546286;0.07510729134082794;1.5877339839935303;1.58773393959099;-1.571494698524475;0.04730470851063728;49.99266052246094;1.793837547302246;12.949496269226074;7
2026-05-19T12:48:21.680Z;Foen Stufe 1;foen_stufe1_001;200;237.91941833496094;0.006688760127872229;0.07408154010772705;1.5913859605789185;1.5913859190054396;-1.5765056610107422;0.04655158519744873;49.99266052246094;1.7704838514328003;13.146358489990234;7
2026-05-19T12:48:21.883Z;Foen Stufe 1;foen_stufe1_001;200;237.87220764160156;0.006632896140217781;0.06262077391147614;1.5777816772460938;1.5777816479310616;-1.5634692907333374;0.03968912363052368;49.99266052246094;1.7391622066497803;13.191750526428223;6
2026-05-19T12:48:22.082Z;Foen Stufe 1;foen_stufe1_001;200;237.85708618164062;0.006665123626589775;0.07429801672697067;1.5853469371795654;1.5853468848610532;-1.5715587139129639;0.04686546325683594;49.99266052246094;1.7479771375656128;12.689600944519043;4
2026-05-19T12:48:22.283Z;Foen Stufe 1;foen_stufe1_001;200;237.945068359375;0.006662135012447834;0.06792930513620377;1.5852221250534058;1.5852221709562855;-1.570829153060913;0.04285160079598427;49.99266052246094;1.7416934967041016;13.000641822814941;4
2026-05-19T12:48:22.484Z;Foen Stufe 1;foen_stufe1_001;200;237.88995361328125;0.006669116206467152;0.07548176497220993;1.5865157842636108;1.586515744998053;-1.5719871520996094;0.047577064484357834;49.99266052246094;1.7629907131195068;12.937227249145508;4
2026-05-19T12:48:22.685Z;Foen Stufe 1;foen_stufe1_001;200;237.9593048095703;0.0066744606010615826;0.06900127977132797;1.5882500410079956;1.588250004607481;-1.5740890502929688;0.04344484582543373;49.99266052246094;1.749901294708252;12.805488586425781;4
2026-05-19T12:48:22.889Z;Foen Stufe 1;foen_stufe1_001;200;238.08587646484375;0.006672370713204145;0.0712747573852539;1.5885971784591675;1.5885972293515636;-1.5744084119796753;0.04486647620797157;49.99266052246094;1.7390578985214233;12.966151237487793;4
2026-05-19T12:48:23.088Z;Foen Stufe 1;foen_stufe1_001;200;238.03269958496094;0.006663009524345398;0.07745090872049332;1.5860141515731812;1.5860141444402416;-1.5716784000396729;0.04883367940783501;49.99266052246094;1.7096400260925293;12.918429374694824;5
2026-05-19T12:48:23.289Z;Foen Stufe 1;foen_stufe1_001;200;238.0467529296875;0.006657158024609089;0.07521606981754303;1.5847148895263672;1.5847148514980063;-1.5706230401992798;0.04746347293257713;49.99266052246094;1.7343114614486694;12.77362060546875;4
2026-05-19T12:48:23.491Z;Foen Stufe 1;foen_stufe1_001;200;238.02017211914062;0.006657533813267946;0.06883009523153305;1.584627389907837;1.5846273441230352;-1.5705413818359375;0.043436139822006226;49.99266052246094;1.7270312309265137;12.84969711303711;4
2026-05-19T12:48:23.693Z;Foen Stufe 1;foen_stufe1_001;200;238.0659942626953;0.006684987340122461;0.06981538981199265;1.5914682149887085;1.5914681577597847;-1.5775399208068848;0.0438685417175293;49.99287414550781;1.7262011766433716;12.762535095214844;4
2026-05-19T12:48:23.892Z;Foen Stufe 1;foen_stufe1_001;200;238.03787231445312;0.006662502884864807;0.06249278411269188;1.585927963256836;1.5859280110021245;-1.5720593929290771;0.039404552429914474;49.99287414550781;1.7200658321380615;12.7858247756958;4
2026-05-19T12:48:24.092Z;Foen Stufe 1;foen_stufe1_001;200;237.86151123046875;0.006678852718323469;0.07239125669002533;1.5886420011520386;1.5886420008661446;-1.5747621059417725;0.045568011701107025;49.99287414550781;1.7206642627716064;12.624984741210938;5
2026-05-19T12:48:24.295Z;Foen Stufe 1;foen_stufe1_001;200;237.63919067382812;0.006666915025562048;0.0744074136018753;1.584320306777954;1.5843202909657492;-1.57069730758667;0.04696488007903099;49.99287414550781;1.7506341934204102;12.4483060836792;6
2026-05-19T12:48:24.495Z;Foen Stufe 1;foen_stufe1_001;200;236.49212646484375;0.006631338503211737;0.07367775589227676;1.568259358406067;1.5682593439327377;-1.5540567636489868;0.0469805933535099;49.99287414550781;1.7429004907608032;12.751213073730469;4
2026-05-19T12:48:24.698Z;Foen Stufe 1;foen_stufe1_001;200;236.49961853027344;0.006618625018745661;0.07479837536811829;1.5653022527694702;1.5653022921282727;-1.5517783164978027;0.047785259783267975;49.99287414550781;1.7117904424667358;12.48731803894043;4
